[2025-11-20 13:31:36] laravel.EMERGENCY: Unable to create configured logger. Using emergency logger. {"exception":"[object] (InvalidArgumentException(code: 0): Log [] is not defined. at C:\\Users\\USER\\Documents\\GitHub\\Take-Home-Assessment\\laravel-project\\vendor\\laravel\\framework\\src\\Illuminate\\Log\\LogManager.php:212)
[stacktrace]
#0 C:\\Users\\USER\\Documents\\GitHub\\Take-Home-Assessment\\laravel-project\\vendor\\laravel\\framework\\src\\Illuminate\\Log\\LogManager.php(137): Illuminate\\Log\\LogManager->resolve(NULL, NULL)
#1 C:\\Users\\USER\\Documents\\GitHub\\Take-Home-Assessment\\laravel-project\\vendor\\laravel\\framework\\src\\Illuminate\\Log\\LogManager.php(124): Illuminate\\Log\\LogManager->get(NULL)
#2 C:\\Users\\USER\\Documents\\GitHub\\Take-Home-Assessment\\laravel-project\\vendor\\laravel\\framework\\src\\Illuminate\\Log\\LogManager.php(681): Illuminate\\Log\\LogManager->driver()
#3 C:\\Users\\USER\\Documents\\GitHub\\Take-Home-Assessment\\laravel-project\\vendor\\laravel\\framework\\src\\Illuminate\\Foundation\\Exceptions\\Handler.php(317): Illuminate\\Log\\LogManager->error('Unable to load ...', Array)
#4 C:\\Users\\USER\\Documents\\GitHub\\Take-Home-Assessment\\laravel-project\\vendor\\laravel\\framework\\src\\Illuminate\\Foundation\\Exceptions\\Handler.php(278): Illuminate\\Foundation\\Exceptions\\Handler->reportThrowable(Object(Exception))
#5 C:\\Users\\USER\\Documents\\GitHub\\Take-Home-Assessment\\laravel-project\\vendor\\laravel\\framework\\src\\Illuminate\\Foundation\\Console\\Kernel.php(523): Illuminate\\Foundation\\Exceptions\\Handler->report(Object(Exception))
#6 C:\\Users\\USER\\Documents\\GitHub\\Take-Home-Assessment\\laravel-project\\vendor\\laravel\\framework\\src\\Illuminate\\Foundation\\Console\\Kernel.php(203): Illuminate\\Foundation\\Console\\Kernel->reportException(Object(Exception))
#7 C:\\Users\\USER\\Documents\\GitHub\\Take-Home-Assessment\\laravel-project\\artisan(14): Illuminate\\Foundation\\Console\\Kernel->handle(Object(Symfony\\Component\\Console\\Input\\ArgvInput), Object(Symfony\\Component\\Console\\Output\\ConsoleOutput))
#8 {main}
"} 
[2025-11-20 13:31:36] laravel.ERROR: Unable to load the "app" configuration file. {"exception":"[object] (Exception(code: 0): Unable to load the \"app\" configuration file. at C:\\Users\\USER\\Documents\\GitHub\\Take-Home-Assessment\\laravel-project\\vendor\\laravel\\framework\\src\\Illuminate\\Foundation\\Bootstrap\\LoadConfiguration.php:66)
[stacktrace]
#0 C:\\Users\\USER\\Documents\\GitHub\\Take-Home-Assessment\\laravel-project\\vendor\\laravel\\framework\\src\\Illuminate\\Foundation\\Bootstrap\\LoadConfiguration.php(39): Illuminate\\Foundation\\Bootstrap\\LoadConfiguration->loadConfigurationFiles(Object(Illuminate\\Foundation\\Application), Object(Illuminate\\Config\\Repository))
#1 C:\\Users\\USER\\Documents\\GitHub\\Take-Home-Assessment\\laravel-project\\vendor\\laravel\\framework\\src\\Illuminate\\Foundation\\Application.php(286): Illuminate\\Foundation\\Bootstrap\\LoadConfiguration->bootstrap(Object(Illuminate\\Foundation\\Application))
#2 C:\\Users\\USER\\Documents\\GitHub\\Take-Home-Assessment\\laravel-project\\vendor\\laravel\\framework\\src\\Illuminate\\Foundation\\Console\\Kernel.php(447): Illuminate\\Foundation\\Application->bootstrapWith(Array)
#3 C:\\Users\\USER\\Documents\\GitHub\\Take-Home-Assessment\\laravel-project\\vendor\\laravel\\framework\\src\\Illuminate\\Foundation\\Console\\Kernel.php(199): Illuminate\\Foundation\\Console\\Kernel->bootstrap()
#4 C:\\Users\\USER\\Documents\\GitHub\\Take-Home-Assessment\\laravel-project\\artisan(14): Illuminate\\Foundation\\Console\\Kernel->handle(Object(Symfony\\Component\\Console\\Input\\ArgvInput), Object(Symfony\\Component\\Console\\Output\\ConsoleOutput))
#5 {main}
"} 
[2025-11-20 13:32:10] laravel.EMERGENCY: Unable to create configured logger. Using emergency logger. {"exception":"[object] (InvalidArgumentException(code: 0): Log [] is not defined. at C:\\Users\\USER\\Documents\\GitHub\\Take-Home-Assessment\\laravel-project\\vendor\\laravel\\framework\\src\\Illuminate\\Log\\LogManager.php:212)
[stacktrace]
#0 C:\\Users\\USER\\Documents\\GitHub\\Take-Home-Assessment\\laravel-project\\vendor\\laravel\\framework\\src\\Illuminate\\Log\\LogManager.php(137): Illuminate\\Log\\LogManager->resolve(NULL, NULL)
#1 C:\\Users\\USER\\Documents\\GitHub\\Take-Home-Assessment\\laravel-project\\vendor\\laravel\\framework\\src\\Illuminate\\Log\\LogManager.php(124): Illuminate\\Log\\LogManager->get(NULL)
#2 C:\\Users\\USER\\Documents\\GitHub\\Take-Home-Assessment\\laravel-project\\vendor\\laravel\\framework\\src\\Illuminate\\Log\\LogManager.php(681): Illuminate\\Log\\LogManager->driver()
#3 C:\\Users\\USER\\Documents\\GitHub\\Take-Home-Assessment\\laravel-project\\vendor\\laravel\\framework\\src\\Illuminate\\Foundation\\Exceptions\\Handler.php(317): Illuminate\\Log\\LogManager->error('The C:\\\\Users\\\\US...', Array)
#4 C:\\Users\\USER\\Documents\\GitHub\\Take-Home-Assessment\\laravel-project\\vendor\\laravel\\framework\\src\\Illuminate\\Foundation\\Exceptions\\Handler.php(278): Illuminate\\Foundation\\Exceptions\\Handler->reportThrowable(Object(Exception))
#5 C:\\Users\\USER\\Documents\\GitHub\\Take-Home-Assessment\\laravel-project\\vendor\\laravel\\framework\\src\\Illuminate\\Foundation\\Console\\Kernel.php(523): Illuminate\\Foundation\\Exceptions\\Handler->report(Object(Exception))
#6 C:\\Users\\USER\\Documents\\GitHub\\Take-Home-Assessment\\laravel-project\\vendor\\laravel\\framework\\src\\Illuminate\\Foundation\\Console\\Kernel.php(203): Illuminate\\Foundation\\Console\\Kernel->reportException(Object(Exception))
#7 C:\\Users\\USER\\Documents\\GitHub\\Take-Home-Assessment\\laravel-project\\artisan(14): Illuminate\\Foundation\\Console\\Kernel->handle(Object(Symfony\\Component\\Console\\Input\\ArgvInput), Object(Symfony\\Component\\Console\\Output\\ConsoleOutput))
#8 {main}
"} 
[2025-11-20 13:32:10] laravel.ERROR: The C:\Users\USER\Documents\GitHub\Take-Home-Assessment\laravel-project\bootstrap\cache directory must be present and writable. {"exception":"[object] (Exception(code: 0): The C:\\Users\\USER\\Documents\\GitHub\\Take-Home-Assessment\\laravel-project\\bootstrap\\cache directory must be present and writable. at C:\\Users\\USER\\Documents\\GitHub\\Take-Home-Assessment\\laravel-project\\vendor\\laravel\\framework\\src\\Illuminate\\Foundation\\PackageManifest.php:178)
[stacktrace]
#0 C:\\Users\\USER\\Documents\\GitHub\\Take-Home-Assessment\\laravel-project\\vendor\\laravel\\framework\\src\\Illuminate\\Foundation\\PackageManifest.php(131): Illuminate\\Foundation\\PackageManifest->write(Array)
#1 C:\\Users\\USER\\Documents\\GitHub\\Take-Home-Assessment\\laravel-project\\vendor\\laravel\\framework\\src\\Illuminate\\Foundation\\PackageManifest.php(107): Illuminate\\Foundation\\PackageManifest->build()
#2 C:\\Users\\USER\\Documents\\GitHub\\Take-Home-Assessment\\laravel-project\\vendor\\laravel\\framework\\src\\Illuminate\\Foundation\\PackageManifest.php(90): Illuminate\\Foundation\\PackageManifest->getManifest()
#3 C:\\Users\\USER\\Documents\\GitHub\\Take-Home-Assessment\\laravel-project\\vendor\\laravel\\framework\\src\\Illuminate\\Foundation\\PackageManifest.php(79): Illuminate\\Foundation\\PackageManifest->config('aliases')
#4 C:\\Users\\USER\\Documents\\GitHub\\Take-Home-Assessment\\laravel-project\\vendor\\laravel\\framework\\src\\Illuminate\\Foundation\\Bootstrap\\RegisterFacades.php(26): Illuminate\\Foundation\\PackageManifest->aliases()
#5 C:\\Users\\USER\\Documents\\GitHub\\Take-Home-Assessment\\laravel-project\\vendor\\laravel\\framework\\src\\Illuminate\\Foundation\\Application.php(286): Illuminate\\Foundation\\Bootstrap\\RegisterFacades->bootstrap(Object(Illuminate\\Foundation\\Application))
#6 C:\\Users\\USER\\Documents\\GitHub\\Take-Home-Assessment\\laravel-project\\vendor\\laravel\\framework\\src\\Illuminate\\Foundation\\Console\\Kernel.php(447): Illuminate\\Foundation\\Application->bootstrapWith(Array)
#7 C:\\Users\\USER\\Documents\\GitHub\\Take-Home-Assessment\\laravel-project\\vendor\\laravel\\framework\\src\\Illuminate\\Foundation\\Console\\Kernel.php(199): Illuminate\\Foundation\\Console\\Kernel->bootstrap()
#8 C:\\Users\\USER\\Documents\\GitHub\\Take-Home-Assessment\\laravel-project\\artisan(14): Illuminate\\Foundation\\Console\\Kernel->handle(Object(Symfony\\Component\\Console\\Input\\ArgvInput), Object(Symfony\\Component\\Console\\Output\\ConsoleOutput))
#9 {main}
"} 
[2025-11-20 13:32:18] laravel.EMERGENCY: Unable to create configured logger. Using emergency logger. {"exception":"[object] (InvalidArgumentException(code: 0): Log [] is not defined. at C:\\Users\\USER\\Documents\\GitHub\\Take-Home-Assessment\\laravel-project\\vendor\\laravel\\framework\\src\\Illuminate\\Log\\LogManager.php:212)
[stacktrace]
#0 C:\\Users\\USER\\Documents\\GitHub\\Take-Home-Assessment\\laravel-project\\vendor\\laravel\\framework\\src\\Illuminate\\Log\\LogManager.php(137): Illuminate\\Log\\LogManager->resolve(NULL, NULL)
#1 C:\\Users\\USER\\Documents\\GitHub\\Take-Home-Assessment\\laravel-project\\vendor\\laravel\\framework\\src\\Illuminate\\Log\\LogManager.php(124): Illuminate\\Log\\LogManager->get(NULL)
#2 C:\\Users\\USER\\Documents\\GitHub\\Take-Home-Assessment\\laravel-project\\vendor\\laravel\\framework\\src\\Illuminate\\Log\\LogManager.php(681): Illuminate\\Log\\LogManager->driver()
#3 C:\\Users\\USER\\Documents\\GitHub\\Take-Home-Assessment\\laravel-project\\vendor\\laravel\\framework\\src\\Illuminate\\Foundation\\Exceptions\\Handler.php(317): Illuminate\\Log\\LogManager->error('Method Illumina...', Array)
#4 C:\\Users\\USER\\Documents\\GitHub\\Take-Home-Assessment\\laravel-project\\vendor\\laravel\\framework\\src\\Illuminate\\Foundation\\Exceptions\\Handler.php(278): Illuminate\\Foundation\\Exceptions\\Handler->reportThrowable(Object(BadMethodCallException))
#5 C:\\Users\\USER\\Documents\\GitHub\\Take-Home-Assessment\\laravel-project\\vendor\\nunomaduro\\collision\\src\\Adapters\\Laravel\\ExceptionHandler.php(46): Illuminate\\Foundation\\Exceptions\\Handler->report(Object(BadMethodCallException))
#6 C:\\Users\\USER\\Documents\\GitHub\\Take-Home-Assessment\\laravel-project\\vendor\\laravel\\framework\\src\\Illuminate\\Foundation\\Console\\Kernel.php(523): NunoMaduro\\Collision\\Adapters\\Laravel\\ExceptionHandler->report(Object(BadMethodCallException))
#7 C:\\Users\\USER\\Documents\\GitHub\\Take-Home-Assessment\\laravel-project\\vendor\\laravel\\framework\\src\\Illuminate\\Foundation\\Console\\Kernel.php(203): Illuminate\\Foundation\\Console\\Kernel->reportException(Object(BadMethodCallException))
#8 C:\\Users\\USER\\Documents\\GitHub\\Take-Home-Assessment\\laravel-project\\artisan(14): Illuminate\\Foundation\\Console\\Kernel->handle(Object(Symfony\\Component\\Console\\Input\\ArgvInput), Object(Symfony\\Component\\Console\\Output\\ConsoleOutput))
#9 {main}
"} 
[2025-11-20 13:32:18] laravel.ERROR: Method Illuminate\Foundation\Console\ClosureCommand::hourly does not exist. {"exception":"[object] (BadMethodCallException(code: 0): Method Illuminate\\Foundation\\Console\\ClosureCommand::hourly does not exist. at C:\\Users\\USER\\Documents\\GitHub\\Take-Home-Assessment\\laravel-project\\vendor\\laravel\\framework\\src\\Illuminate\\Macroable\\Traits\\Macroable.php:112)
[stacktrace]
#0 C:\\Users\\USER\\Documents\\GitHub\\Take-Home-Assessment\\laravel-project\\routes\\console.php(8): Illuminate\\Console\\Command->__call('hourly', Array)
#1 C:\\Users\\USER\\Documents\\GitHub\\Take-Home-Assessment\\laravel-project\\app\\Console\\Kernel.php(25): require('C:\\\\Users\\\\USER\\\\D...')
#2 C:\\Users\\USER\\Documents\\GitHub\\Take-Home-Assessment\\laravel-project\\vendor\\laravel\\framework\\src\\Illuminate\\Foundation\\Console\\Kernel.php(453): App\\Console\\Kernel->commands()
#3 C:\\Users\\USER\\Documents\\GitHub\\Take-Home-Assessment\\laravel-project\\vendor\\laravel\\framework\\src\\Illuminate\\Foundation\\Console\\Kernel.php(199): Illuminate\\Foundation\\Console\\Kernel->bootstrap()
#4 C:\\Users\\USER\\Documents\\GitHub\\Take-Home-Assessment\\laravel-project\\artisan(14): Illuminate\\Foundation\\Console\\Kernel->handle(Object(Symfony\\Component\\Console\\Input\\ArgvInput), Object(Symfony\\Component\\Console\\Output\\ConsoleOutput))
#5 {main}
"} 
[2025-11-20 13:35:04] laravel.EMERGENCY: Unable to create configured logger. Using emergency logger. {"exception":"[object] (InvalidArgumentException(code: 0): Log [] is not defined. at C:\\Users\\USER\\Documents\\GitHub\\Take-Home-Assessment\\laravel-project\\vendor\\laravel\\framework\\src\\Illuminate\\Log\\LogManager.php:212)
[stacktrace]
#0 C:\\Users\\USER\\Documents\\GitHub\\Take-Home-Assessment\\laravel-project\\vendor\\laravel\\framework\\src\\Illuminate\\Log\\LogManager.php(137): Illuminate\\Log\\LogManager->resolve(NULL, NULL)
#1 C:\\Users\\USER\\Documents\\GitHub\\Take-Home-Assessment\\laravel-project\\vendor\\laravel\\framework\\src\\Illuminate\\Log\\LogManager.php(124): Illuminate\\Log\\LogManager->get(NULL)
#2 C:\\Users\\USER\\Documents\\GitHub\\Take-Home-Assessment\\laravel-project\\vendor\\laravel\\framework\\src\\Illuminate\\Log\\LogManager.php(681): Illuminate\\Log\\LogManager->driver()
#3 C:\\Users\\USER\\Documents\\GitHub\\Take-Home-Assessment\\laravel-project\\vendor\\laravel\\framework\\src\\Illuminate\\Foundation\\Exceptions\\Handler.php(317): Illuminate\\Log\\LogManager->error('Database connec...', Array)
#4 C:\\Users\\USER\\Documents\\GitHub\\Take-Home-Assessment\\laravel-project\\vendor\\laravel\\framework\\src\\Illuminate\\Foundation\\Exceptions\\Handler.php(278): Illuminate\\Foundation\\Exceptions\\Handler->reportThrowable(Object(InvalidArgumentException))
#5 C:\\Users\\USER\\Documents\\GitHub\\Take-Home-Assessment\\laravel-project\\vendor\\nunomaduro\\collision\\src\\Adapters\\Laravel\\ExceptionHandler.php(46): Illuminate\\Foundation\\Exceptions\\Handler->report(Object(InvalidArgumentException))
#6 C:\\Users\\USER\\Documents\\GitHub\\Take-Home-Assessment\\laravel-project\\vendor\\laravel\\framework\\src\\Illuminate\\Foundation\\Console\\Kernel.php(523): NunoMaduro\\Collision\\Adapters\\Laravel\\ExceptionHandler->report(Object(InvalidArgumentException))
#7 C:\\Users\\USER\\Documents\\GitHub\\Take-Home-Assessment\\laravel-project\\vendor\\laravel\\framework\\src\\Illuminate\\Foundation\\Console\\Kernel.php(203): Illuminate\\Foundation\\Console\\Kernel->reportException(Object(InvalidArgumentException))
#8 C:\\Users\\USER\\Documents\\GitHub\\Take-Home-Assessment\\laravel-project\\artisan(14): Illuminate\\Foundation\\Console\\Kernel->handle(Object(Symfony\\Component\\Console\\Input\\ArgvInput), Object(Symfony\\Component\\Console\\Output\\ConsoleOutput))
#9 {main}
"} 
[2025-11-20 13:35:04] laravel.ERROR: Database connection [] not configured. {"exception":"[object] (InvalidArgumentException(code: 0): Database connection [] not configured. at C:\\Users\\USER\\Documents\\GitHub\\Take-Home-Assessment\\laravel-project\\vendor\\laravel\\framework\\src\\Illuminate\\Database\\DatabaseManager.php:196)
[stacktrace]
#0 C:\\Users\\USER\\Documents\\GitHub\\Take-Home-Assessment\\laravel-project\\vendor\\laravel\\framework\\src\\Illuminate\\Database\\DatabaseManager.php(159): Illuminate\\Database\\DatabaseManager->configuration(NULL)
#1 C:\\Users\\USER\\Documents\\GitHub\\Take-Home-Assessment\\laravel-project\\vendor\\laravel\\framework\\src\\Illuminate\\Database\\DatabaseManager.php(101): Illuminate\\Database\\DatabaseManager->makeConnection(NULL)
#2 C:\\Users\\USER\\Documents\\GitHub\\Take-Home-Assessment\\laravel-project\\vendor\\laravel\\framework\\src\\Illuminate\\Database\\Migrations\\DatabaseMigrationRepository.php(226): Illuminate\\Database\\DatabaseManager->connection(NULL)
#3 C:\\Users\\USER\\Documents\\GitHub\\Take-Home-Assessment\\laravel-project\\vendor\\laravel\\framework\\src\\Illuminate\\Database\\Migrations\\DatabaseMigrationRepository.php(182): Illuminate\\Database\\Migrations\\DatabaseMigrationRepository->getConnection()
#4 C:\\Users\\USER\\Documents\\GitHub\\Take-Home-Assessment\\laravel-project\\vendor\\laravel\\framework\\src\\Illuminate\\Database\\Migrations\\Migrator.php(727): Illuminate\\Database\\Migrations\\DatabaseMigrationRepository->repositoryExists()
#5 C:\\Users\\USER\\Documents\\GitHub\\Take-Home-Assessment\\laravel-project\\vendor\\laravel\\framework\\src\\Illuminate\\Database\\Console\\Migrations\\MigrateCommand.php(140): Illuminate\\Database\\Migrations\\Migrator->repositoryExists()
#6 C:\\Users\\USER\\Documents\\GitHub\\Take-Home-Assessment\\laravel-project\\vendor\\laravel\\framework\\src\\Illuminate\\Support\\helpers.php(261): Illuminate\\Database\\Console\\Migrations\\MigrateCommand->{closure:Illuminate\\Database\\Console\\Migrations\\MigrateCommand::repositoryExists():140}(1)
#7 C:\\Users\\USER\\Documents\\GitHub\\Take-Home-Assessment\\laravel-project\\vendor\\laravel\\framework\\src\\Illuminate\\Database\\Console\\Migrations\\MigrateCommand.php(140): retry(1, Object(Closure), 0, Object(Closure))
#8 C:\\Users\\USER\\Documents\\GitHub\\Take-Home-Assessment\\laravel-project\\vendor\\laravel\\framework\\src\\Illuminate\\Database\\Console\\Migrations\\MigrateCommand.php(116): Illuminate\\Database\\Console\\Migrations\\MigrateCommand->repositoryExists()
#9 C:\\Users\\USER\\Documents\\GitHub\\Take-Home-Assessment\\laravel-project\\vendor\\laravel\\framework\\src\\Illuminate\\Database\\Console\\Migrations\\MigrateCommand.php(84): Illuminate\\Database\\Console\\Migrations\\MigrateCommand->prepareDatabase()
#10 C:\\Users\\USER\\Documents\\GitHub\\Take-Home-Assessment\\laravel-project\\vendor\\laravel\\framework\\src\\Illuminate\\Database\\Migrations\\Migrator.php(641): Illuminate\\Database\\Console\\Migrations\\MigrateCommand->{closure:Illuminate\\Database\\Console\\Migrations\\MigrateCommand::handle():83}()
#11 C:\\Users\\USER\\Documents\\GitHub\\Take-Home-Assessment\\laravel-project\\vendor\\laravel\\framework\\src\\Illuminate\\Database\\Console\\Migrations\\MigrateCommand.php(83): Illuminate\\Database\\Migrations\\Migrator->usingConnection(NULL, Object(Closure))
#12 C:\\Users\\USER\\Documents\\GitHub\\Take-Home-Assessment\\laravel-project\\vendor\\laravel\\framework\\src\\Illuminate\\Container\\BoundMethod.php(36): Illuminate\\Database\\Console\\Migrations\\MigrateCommand->handle()
#13 C:\\Users\\USER\\Documents\\GitHub\\Take-Home-Assessment\\laravel-project\\vendor\\laravel\\framework\\src\\Illuminate\\Container\\Util.php(41): Illuminate\\Container\\BoundMethod::{closure:Illuminate\\Container\\BoundMethod::call():35}()
#14 C:\\Users\\USER\\Documents\\GitHub\\Take-Home-Assessment\\laravel-project\\vendor\\laravel\\framework\\src\\Illuminate\\Container\\BoundMethod.php(93): Illuminate\\Container\\Util::unwrapIfClosure(Object(Closure))
#15 C:\\Users\\USER\\Documents\\GitHub\\Take-Home-Assessment\\laravel-project\\vendor\\laravel\\framework\\src\\Illuminate\\Container\\BoundMethod.php(35): Illuminate\\Container\\BoundMethod::callBoundMethod(Object(Illuminate\\Foundation\\Application), Array, Object(Closure))
#16 C:\\Users\\USER\\Documents\\GitHub\\Take-Home-Assessment\\laravel-project\\vendor\\laravel\\framework\\src\\Illuminate\\Container\\Container.php(662): Illuminate\\Container\\BoundMethod::call(Object(Illuminate\\Foundation\\Application), Array, Array, NULL)
#17 C:\\Users\\USER\\Documents\\GitHub\\Take-Home-Assessment\\laravel-project\\vendor\\laravel\\framework\\src\\Illuminate\\Console\\Command.php(211): Illuminate\\Container\\Container->call(Array)
#18 C:\\Users\\USER\\Documents\\GitHub\\Take-Home-Assessment\\laravel-project\\vendor\\symfony\\console\\Command\\Command.php(326): Illuminate\\Console\\Command->execute(Object(Symfony\\Component\\Console\\Input\\ArgvInput), Object(Illuminate\\Console\\OutputStyle))
#19 C:\\Users\\USER\\Documents\\GitHub\\Take-Home-Assessment\\laravel-project\\vendor\\laravel\\framework\\src\\Illuminate\\Console\\Command.php(180): Symfony\\Component\\Console\\Command\\Command->run(Object(Symfony\\Component\\Console\\Input\\ArgvInput), Object(Illuminate\\Console\\OutputStyle))
#20 C:\\Users\\USER\\Documents\\GitHub\\Take-Home-Assessment\\laravel-project\\vendor\\symfony\\console\\Application.php(1088): Illuminate\\Console\\Command->run(Object(Symfony\\Component\\Console\\Input\\ArgvInput), Object(Symfony\\Component\\Console\\Output\\ConsoleOutput))
#21 C:\\Users\\USER\\Documents\\GitHub\\Take-Home-Assessment\\laravel-project\\vendor\\symfony\\console\\Application.php(324): Symfony\\Component\\Console\\Application->doRunCommand(Object(Illuminate\\Database\\Console\\Migrations\\MigrateCommand), Object(Symfony\\Component\\Console\\Input\\ArgvInput), Object(Symfony\\Component\\Console\\Output\\ConsoleOutput))
#22 C:\\Users\\USER\\Documents\\GitHub\\Take-Home-Assessment\\laravel-project\\vendor\\symfony\\console\\Application.php(175): Symfony\\Component\\Console\\Application->doRun(Object(Symfony\\Component\\Console\\Input\\ArgvInput), Object(Symfony\\Component\\Console\\Output\\ConsoleOutput))
#23 C:\\Users\\USER\\Documents\\GitHub\\Take-Home-Assessment\\laravel-project\\vendor\\laravel\\framework\\src\\Illuminate\\Foundation\\Console\\Kernel.php(201): Symfony\\Component\\Console\\Application->run(Object(Symfony\\Component\\Console\\Input\\ArgvInput), Object(Symfony\\Component\\Console\\Output\\ConsoleOutput))
#24 C:\\Users\\USER\\Documents\\GitHub\\Take-Home-Assessment\\laravel-project\\artisan(14): Illuminate\\Foundation\\Console\\Kernel->handle(Object(Symfony\\Component\\Console\\Input\\ArgvInput), Object(Symfony\\Component\\Console\\Output\\ConsoleOutput))
#25 {main}
"} 
[2025-11-20 13:45:15] laravel.EMERGENCY: Unable to create configured logger. Using emergency logger. {"exception":"[object] (InvalidArgumentException(code: 0): Log [] is not defined. at C:\\Users\\USER\\Documents\\GitHub\\Take-Home-Assessment\\laravel-project\\vendor\\laravel\\framework\\src\\Illuminate\\Log\\LogManager.php:212)
[stacktrace]
#0 C:\\Users\\USER\\Documents\\GitHub\\Take-Home-Assessment\\laravel-project\\vendor\\laravel\\framework\\src\\Illuminate\\Log\\LogManager.php(137): Illuminate\\Log\\LogManager->resolve(NULL, NULL)
#1 C:\\Users\\USER\\Documents\\GitHub\\Take-Home-Assessment\\laravel-project\\vendor\\laravel\\framework\\src\\Illuminate\\Log\\LogManager.php(124): Illuminate\\Log\\LogManager->get(NULL)
#2 C:\\Users\\USER\\Documents\\GitHub\\Take-Home-Assessment\\laravel-project\\vendor\\laravel\\framework\\src\\Illuminate\\Log\\LogManager.php(681): Illuminate\\Log\\LogManager->driver()
#3 C:\\Users\\USER\\Documents\\GitHub\\Take-Home-Assessment\\laravel-project\\vendor\\laravel\\framework\\src\\Illuminate\\Foundation\\Exceptions\\Handler.php(317): Illuminate\\Log\\LogManager->error('The provided cw...', Array)
#4 C:\\Users\\USER\\Documents\\GitHub\\Take-Home-Assessment\\laravel-project\\vendor\\laravel\\framework\\src\\Illuminate\\Foundation\\Exceptions\\Handler.php(278): Illuminate\\Foundation\\Exceptions\\Handler->reportThrowable(Object(Symfony\\Component\\Process\\Exception\\RuntimeException))
#5 C:\\Users\\USER\\Documents\\GitHub\\Take-Home-Assessment\\laravel-project\\vendor\\nunomaduro\\collision\\src\\Adapters\\Laravel\\ExceptionHandler.php(46): Illuminate\\Foundation\\Exceptions\\Handler->report(Object(Symfony\\Component\\Process\\Exception\\RuntimeException))
#6 C:\\Users\\USER\\Documents\\GitHub\\Take-Home-Assessment\\laravel-project\\vendor\\laravel\\framework\\src\\Illuminate\\Foundation\\Console\\Kernel.php(523): NunoMaduro\\Collision\\Adapters\\Laravel\\ExceptionHandler->report(Object(Symfony\\Component\\Process\\Exception\\RuntimeException))
#7 C:\\Users\\USER\\Documents\\GitHub\\Take-Home-Assessment\\laravel-project\\vendor\\laravel\\framework\\src\\Illuminate\\Foundation\\Console\\Kernel.php(203): Illuminate\\Foundation\\Console\\Kernel->reportException(Object(Symfony\\Component\\Process\\Exception\\RuntimeException))
#8 C:\\Users\\USER\\Documents\\GitHub\\Take-Home-Assessment\\laravel-project\\artisan(14): Illuminate\\Foundation\\Console\\Kernel->handle(Object(Symfony\\Component\\Console\\Input\\ArgvInput), Object(Symfony\\Component\\Console\\Output\\ConsoleOutput))
#9 {main}
"} 
[2025-11-20 13:45:15] laravel.ERROR: The provided cwd "C:\Users\USER\Documents\GitHub\Take-Home-Assessment\laravel-project\public" does not exist. {"exception":"[object] (Symfony\\Component\\Process\\Exception\\RuntimeException(code: 0): The provided cwd \"C:\\Users\\USER\\Documents\\GitHub\\Take-Home-Assessment\\laravel-project\\public\" does not exist. at C:\\Users\\USER\\Documents\\GitHub\\Take-Home-Assessment\\laravel-project\\vendor\\symfony\\process\\Process.php:340)
[stacktrace]
#0 C:\\Users\\USER\\Documents\\GitHub\\Take-Home-Assessment\\laravel-project\\vendor\\laravel\\framework\\src\\Illuminate\\Foundation\\Console\\ServeCommand.php(154): Symfony\\Component\\Process\\Process->start(Object(Closure))
#1 C:\\Users\\USER\\Documents\\GitHub\\Take-Home-Assessment\\laravel-project\\vendor\\laravel\\framework\\src\\Illuminate\\Foundation\\Console\\ServeCommand.php(93): Illuminate\\Foundation\\Console\\ServeCommand->startProcess(true)
#2 C:\\Users\\USER\\Documents\\GitHub\\Take-Home-Assessment\\laravel-project\\vendor\\laravel\\framework\\src\\Illuminate\\Container\\BoundMethod.php(36): Illuminate\\Foundation\\Console\\ServeCommand->handle()
#3 C:\\Users\\USER\\Documents\\GitHub\\Take-Home-Assessment\\laravel-project\\vendor\\laravel\\framework\\src\\Illuminate\\Container\\Util.php(41): Illuminate\\Container\\BoundMethod::{closure:Illuminate\\Container\\BoundMethod::call():35}()
#4 C:\\Users\\USER\\Documents\\GitHub\\Take-Home-Assessment\\laravel-project\\vendor\\laravel\\framework\\src\\Illuminate\\Container\\BoundMethod.php(93): Illuminate\\Container\\Util::unwrapIfClosure(Object(Closure))
#5 C:\\Users\\USER\\Documents\\GitHub\\Take-Home-Assessment\\laravel-project\\vendor\\laravel\\framework\\src\\Illuminate\\Container\\BoundMethod.php(35): Illuminate\\Container\\BoundMethod::callBoundMethod(Object(Illuminate\\Foundation\\Application), Array, Object(Closure))
#6 C:\\Users\\USER\\Documents\\GitHub\\Take-Home-Assessment\\laravel-project\\vendor\\laravel\\framework\\src\\Illuminate\\Container\\Container.php(662): Illuminate\\Container\\BoundMethod::call(Object(Illuminate\\Foundation\\Application), Array, Array, NULL)
#7 C:\\Users\\USER\\Documents\\GitHub\\Take-Home-Assessment\\laravel-project\\vendor\\laravel\\framework\\src\\Illuminate\\Console\\Command.php(211): Illuminate\\Container\\Container->call(Array)
#8 C:\\Users\\USER\\Documents\\GitHub\\Take-Home-Assessment\\laravel-project\\vendor\\symfony\\console\\Command\\Command.php(326): Illuminate\\Console\\Command->execute(Object(Symfony\\Component\\Console\\Input\\ArgvInput), Object(Illuminate\\Console\\OutputStyle))
#9 C:\\Users\\USER\\Documents\\GitHub\\Take-Home-Assessment\\laravel-project\\vendor\\laravel\\framework\\src\\Illuminate\\Console\\Command.php(180): Symfony\\Component\\Console\\Command\\Command->run(Object(Symfony\\Component\\Console\\Input\\ArgvInput), Object(Illuminate\\Console\\OutputStyle))
#10 C:\\Users\\USER\\Documents\\GitHub\\Take-Home-Assessment\\laravel-project\\vendor\\symfony\\console\\Application.php(1088): Illuminate\\Console\\Command->run(Object(Symfony\\Component\\Console\\Input\\ArgvInput), Object(Symfony\\Component\\Console\\Output\\ConsoleOutput))
#11 C:\\Users\\USER\\Documents\\GitHub\\Take-Home-Assessment\\laravel-project\\vendor\\symfony\\console\\Application.php(324): Symfony\\Component\\Console\\Application->doRunCommand(Object(Illuminate\\Foundation\\Console\\ServeCommand), Object(Symfony\\Component\\Console\\Input\\ArgvInput), Object(Symfony\\Component\\Console\\Output\\ConsoleOutput))
#12 C:\\Users\\USER\\Documents\\GitHub\\Take-Home-Assessment\\laravel-project\\vendor\\symfony\\console\\Application.php(175): Symfony\\Component\\Console\\Application->doRun(Object(Symfony\\Component\\Console\\Input\\ArgvInput), Object(Symfony\\Component\\Console\\Output\\ConsoleOutput))
#13 C:\\Users\\USER\\Documents\\GitHub\\Take-Home-Assessment\\laravel-project\\vendor\\laravel\\framework\\src\\Illuminate\\Foundation\\Console\\Kernel.php(201): Symfony\\Component\\Console\\Application->run(Object(Symfony\\Component\\Console\\Input\\ArgvInput), Object(Symfony\\Component\\Console\\Output\\ConsoleOutput))
#14 C:\\Users\\USER\\Documents\\GitHub\\Take-Home-Assessment\\laravel-project\\artisan(14): Illuminate\\Foundation\\Console\\Kernel->handle(Object(Symfony\\Component\\Console\\Input\\ArgvInput), Object(Symfony\\Component\\Console\\Output\\ConsoleOutput))
#15 {main}
"} 
[2025-11-20 13:49:26] laravel.EMERGENCY: Unable to create configured logger. Using emergency logger. {"exception":"[object] (InvalidArgumentException(code: 0): Log [] is not defined. at C:\\Users\\USER\\Documents\\GitHub\\Take-Home-Assessment\\laravel-project\\vendor\\laravel\\framework\\src\\Illuminate\\Log\\LogManager.php:212)
[stacktrace]
#0 C:\\Users\\USER\\Documents\\GitHub\\Take-Home-Assessment\\laravel-project\\vendor\\laravel\\framework\\src\\Illuminate\\Log\\LogManager.php(137): Illuminate\\Log\\LogManager->resolve(NULL, NULL)
#1 C:\\Users\\USER\\Documents\\GitHub\\Take-Home-Assessment\\laravel-project\\vendor\\laravel\\framework\\src\\Illuminate\\Log\\LogManager.php(124): Illuminate\\Log\\LogManager->get(NULL)
#2 C:\\Users\\USER\\Documents\\GitHub\\Take-Home-Assessment\\laravel-project\\vendor\\laravel\\framework\\src\\Illuminate\\Log\\LogManager.php(681): Illuminate\\Log\\LogManager->driver()
#3 C:\\Users\\USER\\Documents\\GitHub\\Take-Home-Assessment\\laravel-project\\vendor\\laravel\\framework\\src\\Illuminate\\Foundation\\Exceptions\\Handler.php(317): Illuminate\\Log\\LogManager->error('Target class [A...', Array)
#4 C:\\Users\\USER\\Documents\\GitHub\\Take-Home-Assessment\\laravel-project\\vendor\\laravel\\framework\\src\\Illuminate\\Foundation\\Exceptions\\Handler.php(278): Illuminate\\Foundation\\Exceptions\\Handler->reportThrowable(Object(Illuminate\\Contracts\\Container\\BindingResolutionException))
#5 C:\\Users\\USER\\Documents\\GitHub\\Take-Home-Assessment\\laravel-project\\vendor\\laravel\\framework\\src\\Illuminate\\Routing\\Pipeline.php(49): Illuminate\\Foundation\\Exceptions\\Handler->report(Object(Illuminate\\Contracts\\Container\\BindingResolutionException))
#6 C:\\Users\\USER\\Documents\\GitHub\\Take-Home-Assessment\\laravel-project\\vendor\\laravel\\framework\\src\\Illuminate\\Pipeline\\Pipeline.php(188): Illuminate\\Routing\\Pipeline->handleException(Object(Illuminate\\Http\\Request), Object(Illuminate\\Contracts\\Container\\BindingResolutionException))
#7 C:\\Users\\USER\\Documents\\GitHub\\Take-Home-Assessment\\laravel-project\\vendor\\laravel\\framework\\src\\Illuminate\\Pipeline\\Pipeline.php(119): Illuminate\\Pipeline\\Pipeline->{closure:{closure:Illuminate\\Pipeline\\Pipeline::carry():158}:159}(Object(Illuminate\\Http\\Request))
#8 C:\\Users\\USER\\Documents\\GitHub\\Take-Home-Assessment\\laravel-project\\vendor\\laravel\\framework\\src\\Illuminate\\Foundation\\Http\\Kernel.php(175): Illuminate\\Pipeline\\Pipeline->then(Object(Closure))
#9 C:\\Users\\USER\\Documents\\GitHub\\Take-Home-Assessment\\laravel-project\\vendor\\laravel\\framework\\src\\Illuminate\\Foundation\\Http\\Kernel.php(144): Illuminate\\Foundation\\Http\\Kernel->sendRequestThroughRouter(Object(Illuminate\\Http\\Request))
#10 C:\\Users\\USER\\Documents\\GitHub\\Take-Home-Assessment\\laravel-project\\public\\index.php(50): Illuminate\\Foundation\\Http\\Kernel->handle(Object(Illuminate\\Http\\Request))
#11 C:\\Users\\USER\\Documents\\GitHub\\Take-Home-Assessment\\laravel-project\\vendor\\laravel\\framework\\src\\Illuminate\\Foundation\\resources\\server.php(16): require_once('C:\\\\Users\\\\USER\\\\D...')
#12 {main}
"} 
[2025-11-20 13:49:26] laravel.ERROR: Target class [App\Http\Middleware\TrustProxies] does not exist. {"exception":"[object] (Illuminate\\Contracts\\Container\\BindingResolutionException(code: 0): Target class [App\\Http\\Middleware\\TrustProxies] does not exist. at C:\\Users\\USER\\Documents\\GitHub\\Take-Home-Assessment\\laravel-project\\vendor\\laravel\\framework\\src\\Illuminate\\Container\\Container.php:914)
[stacktrace]
#0 C:\\Users\\USER\\Documents\\GitHub\\Take-Home-Assessment\\laravel-project\\vendor\\laravel\\framework\\src\\Illuminate\\Container\\Container.php(795): Illuminate\\Container\\Container->build('App\\\\Http\\\\Middle...')
#1 C:\\Users\\USER\\Documents\\GitHub\\Take-Home-Assessment\\laravel-project\\vendor\\laravel\\framework\\src\\Illuminate\\Foundation\\Application.php(986): Illuminate\\Container\\Container->resolve('App\\\\Http\\\\Middle...', Array, true)
#2 C:\\Users\\USER\\Documents\\GitHub\\Take-Home-Assessment\\laravel-project\\vendor\\laravel\\framework\\src\\Illuminate\\Container\\Container.php(731): Illuminate\\Foundation\\Application->resolve('App\\\\Http\\\\Middle...', Array)
#3 C:\\Users\\USER\\Documents\\GitHub\\Take-Home-Assessment\\laravel-project\\vendor\\laravel\\framework\\src\\Illuminate\\Foundation\\Application.php(971): Illuminate\\Container\\Container->make('App\\\\Http\\\\Middle...', Array)
#4 C:\\Users\\USER\\Documents\\GitHub\\Take-Home-Assessment\\laravel-project\\vendor\\laravel\\framework\\src\\Illuminate\\Pipeline\\Pipeline.php(172): Illuminate\\Foundation\\Application->make('App\\\\Http\\\\Middle...')
#5 C:\\Users\\USER\\Documents\\GitHub\\Take-Home-Assessment\\laravel-project\\vendor\\laravel\\framework\\src\\Illuminate\\Pipeline\\Pipeline.php(119): Illuminate\\Pipeline\\Pipeline->{closure:{closure:Illuminate\\Pipeline\\Pipeline::carry():158}:159}(Object(Illuminate\\Http\\Request))
#6 C:\\Users\\USER\\Documents\\GitHub\\Take-Home-Assessment\\laravel-project\\vendor\\laravel\\framework\\src\\Illuminate\\Foundation\\Http\\Kernel.php(175): Illuminate\\Pipeline\\Pipeline->then(Object(Closure))
#7 C:\\Users\\USER\\Documents\\GitHub\\Take-Home-Assessment\\laravel-project\\vendor\\laravel\\framework\\src\\Illuminate\\Foundation\\Http\\Kernel.php(144): Illuminate\\Foundation\\Http\\Kernel->sendRequestThroughRouter(Object(Illuminate\\Http\\Request))
#8 C:\\Users\\USER\\Documents\\GitHub\\Take-Home-Assessment\\laravel-project\\public\\index.php(50): Illuminate\\Foundation\\Http\\Kernel->handle(Object(Illuminate\\Http\\Request))
#9 C:\\Users\\USER\\Documents\\GitHub\\Take-Home-Assessment\\laravel-project\\vendor\\laravel\\framework\\src\\Illuminate\\Foundation\\resources\\server.php(16): require_once('C:\\\\Users\\\\USER\\\\D...')
#10 {main}

[previous exception] [object] (ReflectionException(code: -1): Class \"App\\Http\\Middleware\\TrustProxies\" does not exist at C:\\Users\\USER\\Documents\\GitHub\\Take-Home-Assessment\\laravel-project\\vendor\\laravel\\framework\\src\\Illuminate\\Container\\Container.php:912)
[stacktrace]
#0 C:\\Users\\USER\\Documents\\GitHub\\Take-Home-Assessment\\laravel-project\\vendor\\laravel\\framework\\src\\Illuminate\\Container\\Container.php(912): ReflectionClass->__construct('App\\\\Http\\\\Middle...')
#1 C:\\Users\\USER\\Documents\\GitHub\\Take-Home-Assessment\\laravel-project\\vendor\\laravel\\framework\\src\\Illuminate\\Container\\Container.php(795): Illuminate\\Container\\Container->build('App\\\\Http\\\\Middle...')
#2 C:\\Users\\USER\\Documents\\GitHub\\Take-Home-Assessment\\laravel-project\\vendor\\laravel\\framework\\src\\Illuminate\\Foundation\\Application.php(986): Illuminate\\Container\\Container->resolve('App\\\\Http\\\\Middle...', Array, true)
#3 C:\\Users\\USER\\Documents\\GitHub\\Take-Home-Assessment\\laravel-project\\vendor\\laravel\\framework\\src\\Illuminate\\Container\\Container.php(731): Illuminate\\Foundation\\Application->resolve('App\\\\Http\\\\Middle...', Array)
#4 C:\\Users\\USER\\Documents\\GitHub\\Take-Home-Assessment\\laravel-project\\vendor\\laravel\\framework\\src\\Illuminate\\Foundation\\Application.php(971): Illuminate\\Container\\Container->make('App\\\\Http\\\\Middle...', Array)
#5 C:\\Users\\USER\\Documents\\GitHub\\Take-Home-Assessment\\laravel-project\\vendor\\laravel\\framework\\src\\Illuminate\\Pipeline\\Pipeline.php(172): Illuminate\\Foundation\\Application->make('App\\\\Http\\\\Middle...')
#6 C:\\Users\\USER\\Documents\\GitHub\\Take-Home-Assessment\\laravel-project\\vendor\\laravel\\framework\\src\\Illuminate\\Pipeline\\Pipeline.php(119): Illuminate\\Pipeline\\Pipeline->{closure:{closure:Illuminate\\Pipeline\\Pipeline::carry():158}:159}(Object(Illuminate\\Http\\Request))
#7 C:\\Users\\USER\\Documents\\GitHub\\Take-Home-Assessment\\laravel-project\\vendor\\laravel\\framework\\src\\Illuminate\\Foundation\\Http\\Kernel.php(175): Illuminate\\Pipeline\\Pipeline->then(Object(Closure))
#8 C:\\Users\\USER\\Documents\\GitHub\\Take-Home-Assessment\\laravel-project\\vendor\\laravel\\framework\\src\\Illuminate\\Foundation\\Http\\Kernel.php(144): Illuminate\\Foundation\\Http\\Kernel->sendRequestThroughRouter(Object(Illuminate\\Http\\Request))
#9 C:\\Users\\USER\\Documents\\GitHub\\Take-Home-Assessment\\laravel-project\\public\\index.php(50): Illuminate\\Foundation\\Http\\Kernel->handle(Object(Illuminate\\Http\\Request))
#10 C:\\Users\\USER\\Documents\\GitHub\\Take-Home-Assessment\\laravel-project\\vendor\\laravel\\framework\\src\\Illuminate\\Foundation\\resources\\server.php(16): require_once('C:\\\\Users\\\\USER\\\\D...')
#11 {main}
"} 
[2025-11-20 13:49:27] laravel.EMERGENCY: Unable to create configured logger. Using emergency logger. {"exception":"[object] (InvalidArgumentException(code: 0): Log [] is not defined. at C:\\Users\\USER\\Documents\\GitHub\\Take-Home-Assessment\\laravel-project\\vendor\\laravel\\framework\\src\\Illuminate\\Log\\LogManager.php:212)
[stacktrace]
#0 C:\\Users\\USER\\Documents\\GitHub\\Take-Home-Assessment\\laravel-project\\vendor\\laravel\\framework\\src\\Illuminate\\Log\\LogManager.php(137): Illuminate\\Log\\LogManager->resolve(NULL, NULL)
#1 C:\\Users\\USER\\Documents\\GitHub\\Take-Home-Assessment\\laravel-project\\vendor\\laravel\\framework\\src\\Illuminate\\Log\\LogManager.php(124): Illuminate\\Log\\LogManager->get(NULL)
#2 C:\\Users\\USER\\Documents\\GitHub\\Take-Home-Assessment\\laravel-project\\vendor\\laravel\\framework\\src\\Illuminate\\Log\\LogManager.php(681): Illuminate\\Log\\LogManager->driver()
#3 C:\\Users\\USER\\Documents\\GitHub\\Take-Home-Assessment\\laravel-project\\vendor\\laravel\\framework\\src\\Illuminate\\Foundation\\Exceptions\\Handler.php(317): Illuminate\\Log\\LogManager->error('Target class [A...', Array)
#4 C:\\Users\\USER\\Documents\\GitHub\\Take-Home-Assessment\\laravel-project\\vendor\\laravel\\framework\\src\\Illuminate\\Foundation\\Exceptions\\Handler.php(278): Illuminate\\Foundation\\Exceptions\\Handler->reportThrowable(Object(Illuminate\\Contracts\\Container\\BindingResolutionException))
#5 C:\\Users\\USER\\Documents\\GitHub\\Take-Home-Assessment\\laravel-project\\vendor\\laravel\\framework\\src\\Illuminate\\Foundation\\Bootstrap\\HandleExceptions.php(183): Illuminate\\Foundation\\Exceptions\\Handler->report(Object(Illuminate\\Contracts\\Container\\BindingResolutionException))
#6 C:\\Users\\USER\\Documents\\GitHub\\Take-Home-Assessment\\laravel-project\\vendor\\laravel\\framework\\src\\Illuminate\\Foundation\\Bootstrap\\HandleExceptions.php(255): Illuminate\\Foundation\\Bootstrap\\HandleExceptions->handleException(Object(Illuminate\\Contracts\\Container\\BindingResolutionException))
#7 [internal function]: Illuminate\\Foundation\\Bootstrap\\HandleExceptions->{closure:Illuminate\\Foundation\\Bootstrap\\HandleExceptions::forwardsTo():254}(Object(Illuminate\\Contracts\\Container\\BindingResolutionException))
#8 {main}
"} 
[2025-11-20 13:49:27] laravel.ERROR: Target class [App\Http\Middleware\TrustProxies] does not exist. {"exception":"[object] (Illuminate\\Contracts\\Container\\BindingResolutionException(code: 0): Target class [App\\Http\\Middleware\\TrustProxies] does not exist. at C:\\Users\\USER\\Documents\\GitHub\\Take-Home-Assessment\\laravel-project\\vendor\\laravel\\framework\\src\\Illuminate\\Container\\Container.php:914)
[stacktrace]
#0 C:\\Users\\USER\\Documents\\GitHub\\Take-Home-Assessment\\laravel-project\\vendor\\laravel\\framework\\src\\Illuminate\\Container\\Container.php(795): Illuminate\\Container\\Container->build('App\\\\Http\\\\Middle...')
#1 C:\\Users\\USER\\Documents\\GitHub\\Take-Home-Assessment\\laravel-project\\vendor\\laravel\\framework\\src\\Illuminate\\Foundation\\Application.php(986): Illuminate\\Container\\Container->resolve('App\\\\Http\\\\Middle...', Array, true)
#2 C:\\Users\\USER\\Documents\\GitHub\\Take-Home-Assessment\\laravel-project\\vendor\\laravel\\framework\\src\\Illuminate\\Container\\Container.php(731): Illuminate\\Foundation\\Application->resolve('App\\\\Http\\\\Middle...', Array)
#3 C:\\Users\\USER\\Documents\\GitHub\\Take-Home-Assessment\\laravel-project\\vendor\\laravel\\framework\\src\\Illuminate\\Foundation\\Application.php(971): Illuminate\\Container\\Container->make('App\\\\Http\\\\Middle...', Array)
#4 C:\\Users\\USER\\Documents\\GitHub\\Take-Home-Assessment\\laravel-project\\vendor\\laravel\\framework\\src\\Illuminate\\Foundation\\Http\\Kernel.php(255): Illuminate\\Foundation\\Application->make('App\\\\Http\\\\Middle...')
#5 C:\\Users\\USER\\Documents\\GitHub\\Take-Home-Assessment\\laravel-project\\vendor\\laravel\\framework\\src\\Illuminate\\Foundation\\Http\\Kernel.php(213): Illuminate\\Foundation\\Http\\Kernel->terminateMiddleware(Object(Illuminate\\Http\\Request), Object(Illuminate\\Http\\Response))
#6 C:\\Users\\USER\\Documents\\GitHub\\Take-Home-Assessment\\laravel-project\\public\\index.php(56): Illuminate\\Foundation\\Http\\Kernel->terminate(Object(Illuminate\\Http\\Request), Object(Illuminate\\Http\\Response))
#7 C:\\Users\\USER\\Documents\\GitHub\\Take-Home-Assessment\\laravel-project\\vendor\\laravel\\framework\\src\\Illuminate\\Foundation\\resources\\server.php(16): require_once('C:\\\\Users\\\\USER\\\\D...')
#8 {main}

[previous exception] [object] (ReflectionException(code: -1): Class \"App\\Http\\Middleware\\TrustProxies\" does not exist at C:\\Users\\USER\\Documents\\GitHub\\Take-Home-Assessment\\laravel-project\\vendor\\laravel\\framework\\src\\Illuminate\\Container\\Container.php:912)
[stacktrace]
#0 C:\\Users\\USER\\Documents\\GitHub\\Take-Home-Assessment\\laravel-project\\vendor\\laravel\\framework\\src\\Illuminate\\Container\\Container.php(912): ReflectionClass->__construct('App\\\\Http\\\\Middle...')
#1 C:\\Users\\USER\\Documents\\GitHub\\Take-Home-Assessment\\laravel-project\\vendor\\laravel\\framework\\src\\Illuminate\\Container\\Container.php(795): Illuminate\\Container\\Container->build('App\\\\Http\\\\Middle...')
#2 C:\\Users\\USER\\Documents\\GitHub\\Take-Home-Assessment\\laravel-project\\vendor\\laravel\\framework\\src\\Illuminate\\Foundation\\Application.php(986): Illuminate\\Container\\Container->resolve('App\\\\Http\\\\Middle...', Array, true)
#3 C:\\Users\\USER\\Documents\\GitHub\\Take-Home-Assessment\\laravel-project\\vendor\\laravel\\framework\\src\\Illuminate\\Container\\Container.php(731): Illuminate\\Foundation\\Application->resolve('App\\\\Http\\\\Middle...', Array)
#4 C:\\Users\\USER\\Documents\\GitHub\\Take-Home-Assessment\\laravel-project\\vendor\\laravel\\framework\\src\\Illuminate\\Foundation\\Application.php(971): Illuminate\\Container\\Container->make('App\\\\Http\\\\Middle...', Array)
#5 C:\\Users\\USER\\Documents\\GitHub\\Take-Home-Assessment\\laravel-project\\vendor\\laravel\\framework\\src\\Illuminate\\Foundation\\Http\\Kernel.php(255): Illuminate\\Foundation\\Application->make('App\\\\Http\\\\Middle...')
#6 C:\\Users\\USER\\Documents\\GitHub\\Take-Home-Assessment\\laravel-project\\vendor\\laravel\\framework\\src\\Illuminate\\Foundation\\Http\\Kernel.php(213): Illuminate\\Foundation\\Http\\Kernel->terminateMiddleware(Object(Illuminate\\Http\\Request), Object(Illuminate\\Http\\Response))
#7 C:\\Users\\USER\\Documents\\GitHub\\Take-Home-Assessment\\laravel-project\\public\\index.php(56): Illuminate\\Foundation\\Http\\Kernel->terminate(Object(Illuminate\\Http\\Request), Object(Illuminate\\Http\\Response))
#8 C:\\Users\\USER\\Documents\\GitHub\\Take-Home-Assessment\\laravel-project\\vendor\\laravel\\framework\\src\\Illuminate\\Foundation\\resources\\server.php(16): require_once('C:\\\\Users\\\\USER\\\\D...')
#9 {main}
"} 
[2025-11-20 13:49:28] laravel.EMERGENCY: Unable to create configured logger. Using emergency logger. {"exception":"[object] (InvalidArgumentException(code: 0): Log [] is not defined. at C:\\Users\\USER\\Documents\\GitHub\\Take-Home-Assessment\\laravel-project\\vendor\\laravel\\framework\\src\\Illuminate\\Log\\LogManager.php:212)
[stacktrace]
#0 C:\\Users\\USER\\Documents\\GitHub\\Take-Home-Assessment\\laravel-project\\vendor\\laravel\\framework\\src\\Illuminate\\Log\\LogManager.php(137): Illuminate\\Log\\LogManager->resolve(NULL, NULL)
#1 C:\\Users\\USER\\Documents\\GitHub\\Take-Home-Assessment\\laravel-project\\vendor\\laravel\\framework\\src\\Illuminate\\Log\\LogManager.php(124): Illuminate\\Log\\LogManager->get(NULL)
#2 C:\\Users\\USER\\Documents\\GitHub\\Take-Home-Assessment\\laravel-project\\vendor\\laravel\\framework\\src\\Illuminate\\Log\\LogManager.php(681): Illuminate\\Log\\LogManager->driver()
#3 C:\\Users\\USER\\Documents\\GitHub\\Take-Home-Assessment\\laravel-project\\vendor\\laravel\\framework\\src\\Illuminate\\Foundation\\Exceptions\\Handler.php(317): Illuminate\\Log\\LogManager->error('Target class [A...', Array)
#4 C:\\Users\\USER\\Documents\\GitHub\\Take-Home-Assessment\\laravel-project\\vendor\\laravel\\framework\\src\\Illuminate\\Foundation\\Exceptions\\Handler.php(278): Illuminate\\Foundation\\Exceptions\\Handler->reportThrowable(Object(Illuminate\\Contracts\\Container\\BindingResolutionException))
#5 C:\\Users\\USER\\Documents\\GitHub\\Take-Home-Assessment\\laravel-project\\vendor\\laravel\\framework\\src\\Illuminate\\Routing\\Pipeline.php(49): Illuminate\\Foundation\\Exceptions\\Handler->report(Object(Illuminate\\Contracts\\Container\\BindingResolutionException))
#6 C:\\Users\\USER\\Documents\\GitHub\\Take-Home-Assessment\\laravel-project\\vendor\\laravel\\framework\\src\\Illuminate\\Pipeline\\Pipeline.php(188): Illuminate\\Routing\\Pipeline->handleException(Object(Illuminate\\Http\\Request), Object(Illuminate\\Contracts\\Container\\BindingResolutionException))
#7 C:\\Users\\USER\\Documents\\GitHub\\Take-Home-Assessment\\laravel-project\\vendor\\laravel\\framework\\src\\Illuminate\\Pipeline\\Pipeline.php(119): Illuminate\\Pipeline\\Pipeline->{closure:{closure:Illuminate\\Pipeline\\Pipeline::carry():158}:159}(Object(Illuminate\\Http\\Request))
#8 C:\\Users\\USER\\Documents\\GitHub\\Take-Home-Assessment\\laravel-project\\vendor\\laravel\\framework\\src\\Illuminate\\Foundation\\Http\\Kernel.php(175): Illuminate\\Pipeline\\Pipeline->then(Object(Closure))
#9 C:\\Users\\USER\\Documents\\GitHub\\Take-Home-Assessment\\laravel-project\\vendor\\laravel\\framework\\src\\Illuminate\\Foundation\\Http\\Kernel.php(144): Illuminate\\Foundation\\Http\\Kernel->sendRequestThroughRouter(Object(Illuminate\\Http\\Request))
#10 C:\\Users\\USER\\Documents\\GitHub\\Take-Home-Assessment\\laravel-project\\public\\index.php(50): Illuminate\\Foundation\\Http\\Kernel->handle(Object(Illuminate\\Http\\Request))
#11 C:\\Users\\USER\\Documents\\GitHub\\Take-Home-Assessment\\laravel-project\\vendor\\laravel\\framework\\src\\Illuminate\\Foundation\\resources\\server.php(16): require_once('C:\\\\Users\\\\USER\\\\D...')
#12 {main}
"} 
[2025-11-20 13:49:28] laravel.ERROR: Target class [App\Http\Middleware\TrustProxies] does not exist. {"exception":"[object] (Illuminate\\Contracts\\Container\\BindingResolutionException(code: 0): Target class [App\\Http\\Middleware\\TrustProxies] does not exist. at C:\\Users\\USER\\Documents\\GitHub\\Take-Home-Assessment\\laravel-project\\vendor\\laravel\\framework\\src\\Illuminate\\Container\\Container.php:914)
[stacktrace]
#0 C:\\Users\\USER\\Documents\\GitHub\\Take-Home-Assessment\\laravel-project\\vendor\\laravel\\framework\\src\\Illuminate\\Container\\Container.php(795): Illuminate\\Container\\Container->build('App\\\\Http\\\\Middle...')
#1 C:\\Users\\USER\\Documents\\GitHub\\Take-Home-Assessment\\laravel-project\\vendor\\laravel\\framework\\src\\Illuminate\\Foundation\\Application.php(986): Illuminate\\Container\\Container->resolve('App\\\\Http\\\\Middle...', Array, true)
#2 C:\\Users\\USER\\Documents\\GitHub\\Take-Home-Assessment\\laravel-project\\vendor\\laravel\\framework\\src\\Illuminate\\Container\\Container.php(731): Illuminate\\Foundation\\Application->resolve('App\\\\Http\\\\Middle...', Array)
#3 C:\\Users\\USER\\Documents\\GitHub\\Take-Home-Assessment\\laravel-project\\vendor\\laravel\\framework\\src\\Illuminate\\Foundation\\Application.php(971): Illuminate\\Container\\Container->make('App\\\\Http\\\\Middle...', Array)
#4 C:\\Users\\USER\\Documents\\GitHub\\Take-Home-Assessment\\laravel-project\\vendor\\laravel\\framework\\src\\Illuminate\\Pipeline\\Pipeline.php(172): Illuminate\\Foundation\\Application->make('App\\\\Http\\\\Middle...')
#5 C:\\Users\\USER\\Documents\\GitHub\\Take-Home-Assessment\\laravel-project\\vendor\\laravel\\framework\\src\\Illuminate\\Pipeline\\Pipeline.php(119): Illuminate\\Pipeline\\Pipeline->{closure:{closure:Illuminate\\Pipeline\\Pipeline::carry():158}:159}(Object(Illuminate\\Http\\Request))
#6 C:\\Users\\USER\\Documents\\GitHub\\Take-Home-Assessment\\laravel-project\\vendor\\laravel\\framework\\src\\Illuminate\\Foundation\\Http\\Kernel.php(175): Illuminate\\Pipeline\\Pipeline->then(Object(Closure))
#7 C:\\Users\\USER\\Documents\\GitHub\\Take-Home-Assessment\\laravel-project\\vendor\\laravel\\framework\\src\\Illuminate\\Foundation\\Http\\Kernel.php(144): Illuminate\\Foundation\\Http\\Kernel->sendRequestThroughRouter(Object(Illuminate\\Http\\Request))
#8 C:\\Users\\USER\\Documents\\GitHub\\Take-Home-Assessment\\laravel-project\\public\\index.php(50): Illuminate\\Foundation\\Http\\Kernel->handle(Object(Illuminate\\Http\\Request))
#9 C:\\Users\\USER\\Documents\\GitHub\\Take-Home-Assessment\\laravel-project\\vendor\\laravel\\framework\\src\\Illuminate\\Foundation\\resources\\server.php(16): require_once('C:\\\\Users\\\\USER\\\\D...')
#10 {main}

[previous exception] [object] (ReflectionException(code: -1): Class \"App\\Http\\Middleware\\TrustProxies\" does not exist at C:\\Users\\USER\\Documents\\GitHub\\Take-Home-Assessment\\laravel-project\\vendor\\laravel\\framework\\src\\Illuminate\\Container\\Container.php:912)
[stacktrace]
#0 C:\\Users\\USER\\Documents\\GitHub\\Take-Home-Assessment\\laravel-project\\vendor\\laravel\\framework\\src\\Illuminate\\Container\\Container.php(912): ReflectionClass->__construct('App\\\\Http\\\\Middle...')
#1 C:\\Users\\USER\\Documents\\GitHub\\Take-Home-Assessment\\laravel-project\\vendor\\laravel\\framework\\src\\Illuminate\\Container\\Container.php(795): Illuminate\\Container\\Container->build('App\\\\Http\\\\Middle...')
#2 C:\\Users\\USER\\Documents\\GitHub\\Take-Home-Assessment\\laravel-project\\vendor\\laravel\\framework\\src\\Illuminate\\Foundation\\Application.php(986): Illuminate\\Container\\Container->resolve('App\\\\Http\\\\Middle...', Array, true)
#3 C:\\Users\\USER\\Documents\\GitHub\\Take-Home-Assessment\\laravel-project\\vendor\\laravel\\framework\\src\\Illuminate\\Container\\Container.php(731): Illuminate\\Foundation\\Application->resolve('App\\\\Http\\\\Middle...', Array)
#4 C:\\Users\\USER\\Documents\\GitHub\\Take-Home-Assessment\\laravel-project\\vendor\\laravel\\framework\\src\\Illuminate\\Foundation\\Application.php(971): Illuminate\\Container\\Container->make('App\\\\Http\\\\Middle...', Array)
#5 C:\\Users\\USER\\Documents\\GitHub\\Take-Home-Assessment\\laravel-project\\vendor\\laravel\\framework\\src\\Illuminate\\Pipeline\\Pipeline.php(172): Illuminate\\Foundation\\Application->make('App\\\\Http\\\\Middle...')
#6 C:\\Users\\USER\\Documents\\GitHub\\Take-Home-Assessment\\laravel-project\\vendor\\laravel\\framework\\src\\Illuminate\\Pipeline\\Pipeline.php(119): Illuminate\\Pipeline\\Pipeline->{closure:{closure:Illuminate\\Pipeline\\Pipeline::carry():158}:159}(Object(Illuminate\\Http\\Request))
#7 C:\\Users\\USER\\Documents\\GitHub\\Take-Home-Assessment\\laravel-project\\vendor\\laravel\\framework\\src\\Illuminate\\Foundation\\Http\\Kernel.php(175): Illuminate\\Pipeline\\Pipeline->then(Object(Closure))
#8 C:\\Users\\USER\\Documents\\GitHub\\Take-Home-Assessment\\laravel-project\\vendor\\laravel\\framework\\src\\Illuminate\\Foundation\\Http\\Kernel.php(144): Illuminate\\Foundation\\Http\\Kernel->sendRequestThroughRouter(Object(Illuminate\\Http\\Request))
#9 C:\\Users\\USER\\Documents\\GitHub\\Take-Home-Assessment\\laravel-project\\public\\index.php(50): Illuminate\\Foundation\\Http\\Kernel->handle(Object(Illuminate\\Http\\Request))
#10 C:\\Users\\USER\\Documents\\GitHub\\Take-Home-Assessment\\laravel-project\\vendor\\laravel\\framework\\src\\Illuminate\\Foundation\\resources\\server.php(16): require_once('C:\\\\Users\\\\USER\\\\D...')
#11 {main}
"} 
[2025-11-20 13:49:29] laravel.EMERGENCY: Unable to create configured logger. Using emergency logger. {"exception":"[object] (InvalidArgumentException(code: 0): Log [] is not defined. at C:\\Users\\USER\\Documents\\GitHub\\Take-Home-Assessment\\laravel-project\\vendor\\laravel\\framework\\src\\Illuminate\\Log\\LogManager.php:212)
[stacktrace]
#0 C:\\Users\\USER\\Documents\\GitHub\\Take-Home-Assessment\\laravel-project\\vendor\\laravel\\framework\\src\\Illuminate\\Log\\LogManager.php(137): Illuminate\\Log\\LogManager->resolve(NULL, NULL)
#1 C:\\Users\\USER\\Documents\\GitHub\\Take-Home-Assessment\\laravel-project\\vendor\\laravel\\framework\\src\\Illuminate\\Log\\LogManager.php(124): Illuminate\\Log\\LogManager->get(NULL)
#2 C:\\Users\\USER\\Documents\\GitHub\\Take-Home-Assessment\\laravel-project\\vendor\\laravel\\framework\\src\\Illuminate\\Log\\LogManager.php(681): Illuminate\\Log\\LogManager->driver()
#3 C:\\Users\\USER\\Documents\\GitHub\\Take-Home-Assessment\\laravel-project\\vendor\\laravel\\framework\\src\\Illuminate\\Foundation\\Exceptions\\Handler.php(317): Illuminate\\Log\\LogManager->error('Target class [A...', Array)
#4 C:\\Users\\USER\\Documents\\GitHub\\Take-Home-Assessment\\laravel-project\\vendor\\laravel\\framework\\src\\Illuminate\\Foundation\\Exceptions\\Handler.php(278): Illuminate\\Foundation\\Exceptions\\Handler->reportThrowable(Object(Illuminate\\Contracts\\Container\\BindingResolutionException))
#5 C:\\Users\\USER\\Documents\\GitHub\\Take-Home-Assessment\\laravel-project\\vendor\\laravel\\framework\\src\\Illuminate\\Foundation\\Bootstrap\\HandleExceptions.php(183): Illuminate\\Foundation\\Exceptions\\Handler->report(Object(Illuminate\\Contracts\\Container\\BindingResolutionException))
#6 C:\\Users\\USER\\Documents\\GitHub\\Take-Home-Assessment\\laravel-project\\vendor\\laravel\\framework\\src\\Illuminate\\Foundation\\Bootstrap\\HandleExceptions.php(255): Illuminate\\Foundation\\Bootstrap\\HandleExceptions->handleException(Object(Illuminate\\Contracts\\Container\\BindingResolutionException))
#7 [internal function]: Illuminate\\Foundation\\Bootstrap\\HandleExceptions->{closure:Illuminate\\Foundation\\Bootstrap\\HandleExceptions::forwardsTo():254}(Object(Illuminate\\Contracts\\Container\\BindingResolutionException))
#8 {main}
"} 
[2025-11-20 13:49:29] laravel.ERROR: Target class [App\Http\Middleware\TrustProxies] does not exist. {"exception":"[object] (Illuminate\\Contracts\\Container\\BindingResolutionException(code: 0): Target class [App\\Http\\Middleware\\TrustProxies] does not exist. at C:\\Users\\USER\\Documents\\GitHub\\Take-Home-Assessment\\laravel-project\\vendor\\laravel\\framework\\src\\Illuminate\\Container\\Container.php:914)
[stacktrace]
#0 C:\\Users\\USER\\Documents\\GitHub\\Take-Home-Assessment\\laravel-project\\vendor\\laravel\\framework\\src\\Illuminate\\Container\\Container.php(795): Illuminate\\Container\\Container->build('App\\\\Http\\\\Middle...')
#1 C:\\Users\\USER\\Documents\\GitHub\\Take-Home-Assessment\\laravel-project\\vendor\\laravel\\framework\\src\\Illuminate\\Foundation\\Application.php(986): Illuminate\\Container\\Container->resolve('App\\\\Http\\\\Middle...', Array, true)
#2 C:\\Users\\USER\\Documents\\GitHub\\Take-Home-Assessment\\laravel-project\\vendor\\laravel\\framework\\src\\Illuminate\\Container\\Container.php(731): Illuminate\\Foundation\\Application->resolve('App\\\\Http\\\\Middle...', Array)
#3 C:\\Users\\USER\\Documents\\GitHub\\Take-Home-Assessment\\laravel-project\\vendor\\laravel\\framework\\src\\Illuminate\\Foundation\\Application.php(971): Illuminate\\Container\\Container->make('App\\\\Http\\\\Middle...', Array)
#4 C:\\Users\\USER\\Documents\\GitHub\\Take-Home-Assessment\\laravel-project\\vendor\\laravel\\framework\\src\\Illuminate\\Foundation\\Http\\Kernel.php(255): Illuminate\\Foundation\\Application->make('App\\\\Http\\\\Middle...')
#5 C:\\Users\\USER\\Documents\\GitHub\\Take-Home-Assessment\\laravel-project\\vendor\\laravel\\framework\\src\\Illuminate\\Foundation\\Http\\Kernel.php(213): Illuminate\\Foundation\\Http\\Kernel->terminateMiddleware(Object(Illuminate\\Http\\Request), Object(Illuminate\\Http\\Response))
#6 C:\\Users\\USER\\Documents\\GitHub\\Take-Home-Assessment\\laravel-project\\public\\index.php(56): Illuminate\\Foundation\\Http\\Kernel->terminate(Object(Illuminate\\Http\\Request), Object(Illuminate\\Http\\Response))
#7 C:\\Users\\USER\\Documents\\GitHub\\Take-Home-Assessment\\laravel-project\\vendor\\laravel\\framework\\src\\Illuminate\\Foundation\\resources\\server.php(16): require_once('C:\\\\Users\\\\USER\\\\D...')
#8 {main}

[previous exception] [object] (ReflectionException(code: -1): Class \"App\\Http\\Middleware\\TrustProxies\" does not exist at C:\\Users\\USER\\Documents\\GitHub\\Take-Home-Assessment\\laravel-project\\vendor\\laravel\\framework\\src\\Illuminate\\Container\\Container.php:912)
[stacktrace]
#0 C:\\Users\\USER\\Documents\\GitHub\\Take-Home-Assessment\\laravel-project\\vendor\\laravel\\framework\\src\\Illuminate\\Container\\Container.php(912): ReflectionClass->__construct('App\\\\Http\\\\Middle...')
#1 C:\\Users\\USER\\Documents\\GitHub\\Take-Home-Assessment\\laravel-project\\vendor\\laravel\\framework\\src\\Illuminate\\Container\\Container.php(795): Illuminate\\Container\\Container->build('App\\\\Http\\\\Middle...')
#2 C:\\Users\\USER\\Documents\\GitHub\\Take-Home-Assessment\\laravel-project\\vendor\\laravel\\framework\\src\\Illuminate\\Foundation\\Application.php(986): Illuminate\\Container\\Container->resolve('App\\\\Http\\\\Middle...', Array, true)
#3 C:\\Users\\USER\\Documents\\GitHub\\Take-Home-Assessment\\laravel-project\\vendor\\laravel\\framework\\src\\Illuminate\\Container\\Container.php(731): Illuminate\\Foundation\\Application->resolve('App\\\\Http\\\\Middle...', Array)
#4 C:\\Users\\USER\\Documents\\GitHub\\Take-Home-Assessment\\laravel-project\\vendor\\laravel\\framework\\src\\Illuminate\\Foundation\\Application.php(971): Illuminate\\Container\\Container->make('App\\\\Http\\\\Middle...', Array)
#5 C:\\Users\\USER\\Documents\\GitHub\\Take-Home-Assessment\\laravel-project\\vendor\\laravel\\framework\\src\\Illuminate\\Foundation\\Http\\Kernel.php(255): Illuminate\\Foundation\\Application->make('App\\\\Http\\\\Middle...')
#6 C:\\Users\\USER\\Documents\\GitHub\\Take-Home-Assessment\\laravel-project\\vendor\\laravel\\framework\\src\\Illuminate\\Foundation\\Http\\Kernel.php(213): Illuminate\\Foundation\\Http\\Kernel->terminateMiddleware(Object(Illuminate\\Http\\Request), Object(Illuminate\\Http\\Response))
#7 C:\\Users\\USER\\Documents\\GitHub\\Take-Home-Assessment\\laravel-project\\public\\index.php(56): Illuminate\\Foundation\\Http\\Kernel->terminate(Object(Illuminate\\Http\\Request), Object(Illuminate\\Http\\Response))
#8 C:\\Users\\USER\\Documents\\GitHub\\Take-Home-Assessment\\laravel-project\\vendor\\laravel\\framework\\src\\Illuminate\\Foundation\\resources\\server.php(16): require_once('C:\\\\Users\\\\USER\\\\D...')
#9 {main}
"} 
[2025-11-20 13:50:04] laravel.EMERGENCY: Unable to create configured logger. Using emergency logger. {"exception":"[object] (InvalidArgumentException(code: 0): Log [] is not defined. at C:\\Users\\USER\\Documents\\GitHub\\Take-Home-Assessment\\laravel-project\\vendor\\laravel\\framework\\src\\Illuminate\\Log\\LogManager.php:212)
[stacktrace]
#0 C:\\Users\\USER\\Documents\\GitHub\\Take-Home-Assessment\\laravel-project\\vendor\\laravel\\framework\\src\\Illuminate\\Log\\LogManager.php(137): Illuminate\\Log\\LogManager->resolve(NULL, NULL)
#1 C:\\Users\\USER\\Documents\\GitHub\\Take-Home-Assessment\\laravel-project\\vendor\\laravel\\framework\\src\\Illuminate\\Log\\LogManager.php(124): Illuminate\\Log\\LogManager->get(NULL)
#2 C:\\Users\\USER\\Documents\\GitHub\\Take-Home-Assessment\\laravel-project\\vendor\\laravel\\framework\\src\\Illuminate\\Log\\LogManager.php(681): Illuminate\\Log\\LogManager->driver()
#3 C:\\Users\\USER\\Documents\\GitHub\\Take-Home-Assessment\\laravel-project\\vendor\\laravel\\framework\\src\\Illuminate\\Foundation\\Exceptions\\Handler.php(317): Illuminate\\Log\\LogManager->error('Target class [A...', Array)
#4 C:\\Users\\USER\\Documents\\GitHub\\Take-Home-Assessment\\laravel-project\\vendor\\laravel\\framework\\src\\Illuminate\\Foundation\\Exceptions\\Handler.php(278): Illuminate\\Foundation\\Exceptions\\Handler->reportThrowable(Object(Illuminate\\Contracts\\Container\\BindingResolutionException))
#5 C:\\Users\\USER\\Documents\\GitHub\\Take-Home-Assessment\\laravel-project\\vendor\\laravel\\framework\\src\\Illuminate\\Routing\\Pipeline.php(49): Illuminate\\Foundation\\Exceptions\\Handler->report(Object(Illuminate\\Contracts\\Container\\BindingResolutionException))
#6 C:\\Users\\USER\\Documents\\GitHub\\Take-Home-Assessment\\laravel-project\\vendor\\laravel\\framework\\src\\Illuminate\\Pipeline\\Pipeline.php(188): Illuminate\\Routing\\Pipeline->handleException(Object(Illuminate\\Http\\Request), Object(Illuminate\\Contracts\\Container\\BindingResolutionException))
#7 C:\\Users\\USER\\Documents\\GitHub\\Take-Home-Assessment\\laravel-project\\vendor\\laravel\\framework\\src\\Illuminate\\Pipeline\\Pipeline.php(119): Illuminate\\Pipeline\\Pipeline->{closure:{closure:Illuminate\\Pipeline\\Pipeline::carry():158}:159}(Object(Illuminate\\Http\\Request))
#8 C:\\Users\\USER\\Documents\\GitHub\\Take-Home-Assessment\\laravel-project\\vendor\\laravel\\framework\\src\\Illuminate\\Foundation\\Http\\Kernel.php(175): Illuminate\\Pipeline\\Pipeline->then(Object(Closure))
#9 C:\\Users\\USER\\Documents\\GitHub\\Take-Home-Assessment\\laravel-project\\vendor\\laravel\\framework\\src\\Illuminate\\Foundation\\Http\\Kernel.php(144): Illuminate\\Foundation\\Http\\Kernel->sendRequestThroughRouter(Object(Illuminate\\Http\\Request))
#10 C:\\Users\\USER\\Documents\\GitHub\\Take-Home-Assessment\\laravel-project\\public\\index.php(50): Illuminate\\Foundation\\Http\\Kernel->handle(Object(Illuminate\\Http\\Request))
#11 C:\\Users\\USER\\Documents\\GitHub\\Take-Home-Assessment\\laravel-project\\vendor\\laravel\\framework\\src\\Illuminate\\Foundation\\resources\\server.php(16): require_once('C:\\\\Users\\\\USER\\\\D...')
#12 {main}
"} 
[2025-11-20 13:50:04] laravel.ERROR: Target class [App\Http\Middleware\TrustProxies] does not exist. {"exception":"[object] (Illuminate\\Contracts\\Container\\BindingResolutionException(code: 0): Target class [App\\Http\\Middleware\\TrustProxies] does not exist. at C:\\Users\\USER\\Documents\\GitHub\\Take-Home-Assessment\\laravel-project\\vendor\\laravel\\framework\\src\\Illuminate\\Container\\Container.php:914)
[stacktrace]
#0 C:\\Users\\USER\\Documents\\GitHub\\Take-Home-Assessment\\laravel-project\\vendor\\laravel\\framework\\src\\Illuminate\\Container\\Container.php(795): Illuminate\\Container\\Container->build('App\\\\Http\\\\Middle...')
#1 C:\\Users\\USER\\Documents\\GitHub\\Take-Home-Assessment\\laravel-project\\vendor\\laravel\\framework\\src\\Illuminate\\Foundation\\Application.php(986): Illuminate\\Container\\Container->resolve('App\\\\Http\\\\Middle...', Array, true)
#2 C:\\Users\\USER\\Documents\\GitHub\\Take-Home-Assessment\\laravel-project\\vendor\\laravel\\framework\\src\\Illuminate\\Container\\Container.php(731): Illuminate\\Foundation\\Application->resolve('App\\\\Http\\\\Middle...', Array)
#3 C:\\Users\\USER\\Documents\\GitHub\\Take-Home-Assessment\\laravel-project\\vendor\\laravel\\framework\\src\\Illuminate\\Foundation\\Application.php(971): Illuminate\\Container\\Container->make('App\\\\Http\\\\Middle...', Array)
#4 C:\\Users\\USER\\Documents\\GitHub\\Take-Home-Assessment\\laravel-project\\vendor\\laravel\\framework\\src\\Illuminate\\Pipeline\\Pipeline.php(172): Illuminate\\Foundation\\Application->make('App\\\\Http\\\\Middle...')
#5 C:\\Users\\USER\\Documents\\GitHub\\Take-Home-Assessment\\laravel-project\\vendor\\laravel\\framework\\src\\Illuminate\\Pipeline\\Pipeline.php(119): Illuminate\\Pipeline\\Pipeline->{closure:{closure:Illuminate\\Pipeline\\Pipeline::carry():158}:159}(Object(Illuminate\\Http\\Request))
#6 C:\\Users\\USER\\Documents\\GitHub\\Take-Home-Assessment\\laravel-project\\vendor\\laravel\\framework\\src\\Illuminate\\Foundation\\Http\\Kernel.php(175): Illuminate\\Pipeline\\Pipeline->then(Object(Closure))
#7 C:\\Users\\USER\\Documents\\GitHub\\Take-Home-Assessment\\laravel-project\\vendor\\laravel\\framework\\src\\Illuminate\\Foundation\\Http\\Kernel.php(144): Illuminate\\Foundation\\Http\\Kernel->sendRequestThroughRouter(Object(Illuminate\\Http\\Request))
#8 C:\\Users\\USER\\Documents\\GitHub\\Take-Home-Assessment\\laravel-project\\public\\index.php(50): Illuminate\\Foundation\\Http\\Kernel->handle(Object(Illuminate\\Http\\Request))
#9 C:\\Users\\USER\\Documents\\GitHub\\Take-Home-Assessment\\laravel-project\\vendor\\laravel\\framework\\src\\Illuminate\\Foundation\\resources\\server.php(16): require_once('C:\\\\Users\\\\USER\\\\D...')
#10 {main}

[previous exception] [object] (ReflectionException(code: -1): Class \"App\\Http\\Middleware\\TrustProxies\" does not exist at C:\\Users\\USER\\Documents\\GitHub\\Take-Home-Assessment\\laravel-project\\vendor\\laravel\\framework\\src\\Illuminate\\Container\\Container.php:912)
[stacktrace]
#0 C:\\Users\\USER\\Documents\\GitHub\\Take-Home-Assessment\\laravel-project\\vendor\\laravel\\framework\\src\\Illuminate\\Container\\Container.php(912): ReflectionClass->__construct('App\\\\Http\\\\Middle...')
#1 C:\\Users\\USER\\Documents\\GitHub\\Take-Home-Assessment\\laravel-project\\vendor\\laravel\\framework\\src\\Illuminate\\Container\\Container.php(795): Illuminate\\Container\\Container->build('App\\\\Http\\\\Middle...')
#2 C:\\Users\\USER\\Documents\\GitHub\\Take-Home-Assessment\\laravel-project\\vendor\\laravel\\framework\\src\\Illuminate\\Foundation\\Application.php(986): Illuminate\\Container\\Container->resolve('App\\\\Http\\\\Middle...', Array, true)
#3 C:\\Users\\USER\\Documents\\GitHub\\Take-Home-Assessment\\laravel-project\\vendor\\laravel\\framework\\src\\Illuminate\\Container\\Container.php(731): Illuminate\\Foundation\\Application->resolve('App\\\\Http\\\\Middle...', Array)
#4 C:\\Users\\USER\\Documents\\GitHub\\Take-Home-Assessment\\laravel-project\\vendor\\laravel\\framework\\src\\Illuminate\\Foundation\\Application.php(971): Illuminate\\Container\\Container->make('App\\\\Http\\\\Middle...', Array)
#5 C:\\Users\\USER\\Documents\\GitHub\\Take-Home-Assessment\\laravel-project\\vendor\\laravel\\framework\\src\\Illuminate\\Pipeline\\Pipeline.php(172): Illuminate\\Foundation\\Application->make('App\\\\Http\\\\Middle...')
#6 C:\\Users\\USER\\Documents\\GitHub\\Take-Home-Assessment\\laravel-project\\vendor\\laravel\\framework\\src\\Illuminate\\Pipeline\\Pipeline.php(119): Illuminate\\Pipeline\\Pipeline->{closure:{closure:Illuminate\\Pipeline\\Pipeline::carry():158}:159}(Object(Illuminate\\Http\\Request))
#7 C:\\Users\\USER\\Documents\\GitHub\\Take-Home-Assessment\\laravel-project\\vendor\\laravel\\framework\\src\\Illuminate\\Foundation\\Http\\Kernel.php(175): Illuminate\\Pipeline\\Pipeline->then(Object(Closure))
#8 C:\\Users\\USER\\Documents\\GitHub\\Take-Home-Assessment\\laravel-project\\vendor\\laravel\\framework\\src\\Illuminate\\Foundation\\Http\\Kernel.php(144): Illuminate\\Foundation\\Http\\Kernel->sendRequestThroughRouter(Object(Illuminate\\Http\\Request))
#9 C:\\Users\\USER\\Documents\\GitHub\\Take-Home-Assessment\\laravel-project\\public\\index.php(50): Illuminate\\Foundation\\Http\\Kernel->handle(Object(Illuminate\\Http\\Request))
#10 C:\\Users\\USER\\Documents\\GitHub\\Take-Home-Assessment\\laravel-project\\vendor\\laravel\\framework\\src\\Illuminate\\Foundation\\resources\\server.php(16): require_once('C:\\\\Users\\\\USER\\\\D...')
#11 {main}
"} 
[2025-11-20 13:50:04] laravel.EMERGENCY: Unable to create configured logger. Using emergency logger. {"exception":"[object] (InvalidArgumentException(code: 0): Log [] is not defined. at C:\\Users\\USER\\Documents\\GitHub\\Take-Home-Assessment\\laravel-project\\vendor\\laravel\\framework\\src\\Illuminate\\Log\\LogManager.php:212)
[stacktrace]
#0 C:\\Users\\USER\\Documents\\GitHub\\Take-Home-Assessment\\laravel-project\\vendor\\laravel\\framework\\src\\Illuminate\\Log\\LogManager.php(137): Illuminate\\Log\\LogManager->resolve(NULL, NULL)
#1 C:\\Users\\USER\\Documents\\GitHub\\Take-Home-Assessment\\laravel-project\\vendor\\laravel\\framework\\src\\Illuminate\\Log\\LogManager.php(124): Illuminate\\Log\\LogManager->get(NULL)
#2 C:\\Users\\USER\\Documents\\GitHub\\Take-Home-Assessment\\laravel-project\\vendor\\laravel\\framework\\src\\Illuminate\\Log\\LogManager.php(681): Illuminate\\Log\\LogManager->driver()
#3 C:\\Users\\USER\\Documents\\GitHub\\Take-Home-Assessment\\laravel-project\\vendor\\laravel\\framework\\src\\Illuminate\\Foundation\\Exceptions\\Handler.php(317): Illuminate\\Log\\LogManager->error('Target class [A...', Array)
#4 C:\\Users\\USER\\Documents\\GitHub\\Take-Home-Assessment\\laravel-project\\vendor\\laravel\\framework\\src\\Illuminate\\Foundation\\Exceptions\\Handler.php(278): Illuminate\\Foundation\\Exceptions\\Handler->reportThrowable(Object(Illuminate\\Contracts\\Container\\BindingResolutionException))
#5 C:\\Users\\USER\\Documents\\GitHub\\Take-Home-Assessment\\laravel-project\\vendor\\laravel\\framework\\src\\Illuminate\\Foundation\\Bootstrap\\HandleExceptions.php(183): Illuminate\\Foundation\\Exceptions\\Handler->report(Object(Illuminate\\Contracts\\Container\\BindingResolutionException))
#6 C:\\Users\\USER\\Documents\\GitHub\\Take-Home-Assessment\\laravel-project\\vendor\\laravel\\framework\\src\\Illuminate\\Foundation\\Bootstrap\\HandleExceptions.php(255): Illuminate\\Foundation\\Bootstrap\\HandleExceptions->handleException(Object(Illuminate\\Contracts\\Container\\BindingResolutionException))
#7 [internal function]: Illuminate\\Foundation\\Bootstrap\\HandleExceptions->{closure:Illuminate\\Foundation\\Bootstrap\\HandleExceptions::forwardsTo():254}(Object(Illuminate\\Contracts\\Container\\BindingResolutionException))
#8 {main}
"} 
[2025-11-20 13:50:04] laravel.ERROR: Target class [App\Http\Middleware\TrustProxies] does not exist. {"exception":"[object] (Illuminate\\Contracts\\Container\\BindingResolutionException(code: 0): Target class [App\\Http\\Middleware\\TrustProxies] does not exist. at C:\\Users\\USER\\Documents\\GitHub\\Take-Home-Assessment\\laravel-project\\vendor\\laravel\\framework\\src\\Illuminate\\Container\\Container.php:914)
[stacktrace]
#0 C:\\Users\\USER\\Documents\\GitHub\\Take-Home-Assessment\\laravel-project\\vendor\\laravel\\framework\\src\\Illuminate\\Container\\Container.php(795): Illuminate\\Container\\Container->build('App\\\\Http\\\\Middle...')
#1 C:\\Users\\USER\\Documents\\GitHub\\Take-Home-Assessment\\laravel-project\\vendor\\laravel\\framework\\src\\Illuminate\\Foundation\\Application.php(986): Illuminate\\Container\\Container->resolve('App\\\\Http\\\\Middle...', Array, true)
#2 C:\\Users\\USER\\Documents\\GitHub\\Take-Home-Assessment\\laravel-project\\vendor\\laravel\\framework\\src\\Illuminate\\Container\\Container.php(731): Illuminate\\Foundation\\Application->resolve('App\\\\Http\\\\Middle...', Array)
#3 C:\\Users\\USER\\Documents\\GitHub\\Take-Home-Assessment\\laravel-project\\vendor\\laravel\\framework\\src\\Illuminate\\Foundation\\Application.php(971): Illuminate\\Container\\Container->make('App\\\\Http\\\\Middle...', Array)
#4 C:\\Users\\USER\\Documents\\GitHub\\Take-Home-Assessment\\laravel-project\\vendor\\laravel\\framework\\src\\Illuminate\\Foundation\\Http\\Kernel.php(255): Illuminate\\Foundation\\Application->make('App\\\\Http\\\\Middle...')
#5 C:\\Users\\USER\\Documents\\GitHub\\Take-Home-Assessment\\laravel-project\\vendor\\laravel\\framework\\src\\Illuminate\\Foundation\\Http\\Kernel.php(213): Illuminate\\Foundation\\Http\\Kernel->terminateMiddleware(Object(Illuminate\\Http\\Request), Object(Illuminate\\Http\\Response))
#6 C:\\Users\\USER\\Documents\\GitHub\\Take-Home-Assessment\\laravel-project\\public\\index.php(56): Illuminate\\Foundation\\Http\\Kernel->terminate(Object(Illuminate\\Http\\Request), Object(Illuminate\\Http\\Response))
#7 C:\\Users\\USER\\Documents\\GitHub\\Take-Home-Assessment\\laravel-project\\vendor\\laravel\\framework\\src\\Illuminate\\Foundation\\resources\\server.php(16): require_once('C:\\\\Users\\\\USER\\\\D...')
#8 {main}

[previous exception] [object] (ReflectionException(code: -1): Class \"App\\Http\\Middleware\\TrustProxies\" does not exist at C:\\Users\\USER\\Documents\\GitHub\\Take-Home-Assessment\\laravel-project\\vendor\\laravel\\framework\\src\\Illuminate\\Container\\Container.php:912)
[stacktrace]
#0 C:\\Users\\USER\\Documents\\GitHub\\Take-Home-Assessment\\laravel-project\\vendor\\laravel\\framework\\src\\Illuminate\\Container\\Container.php(912): ReflectionClass->__construct('App\\\\Http\\\\Middle...')
#1 C:\\Users\\USER\\Documents\\GitHub\\Take-Home-Assessment\\laravel-project\\vendor\\laravel\\framework\\src\\Illuminate\\Container\\Container.php(795): Illuminate\\Container\\Container->build('App\\\\Http\\\\Middle...')
#2 C:\\Users\\USER\\Documents\\GitHub\\Take-Home-Assessment\\laravel-project\\vendor\\laravel\\framework\\src\\Illuminate\\Foundation\\Application.php(986): Illuminate\\Container\\Container->resolve('App\\\\Http\\\\Middle...', Array, true)
#3 C:\\Users\\USER\\Documents\\GitHub\\Take-Home-Assessment\\laravel-project\\vendor\\laravel\\framework\\src\\Illuminate\\Container\\Container.php(731): Illuminate\\Foundation\\Application->resolve('App\\\\Http\\\\Middle...', Array)
#4 C:\\Users\\USER\\Documents\\GitHub\\Take-Home-Assessment\\laravel-project\\vendor\\laravel\\framework\\src\\Illuminate\\Foundation\\Application.php(971): Illuminate\\Container\\Container->make('App\\\\Http\\\\Middle...', Array)
#5 C:\\Users\\USER\\Documents\\GitHub\\Take-Home-Assessment\\laravel-project\\vendor\\laravel\\framework\\src\\Illuminate\\Foundation\\Http\\Kernel.php(255): Illuminate\\Foundation\\Application->make('App\\\\Http\\\\Middle...')
#6 C:\\Users\\USER\\Documents\\GitHub\\Take-Home-Assessment\\laravel-project\\vendor\\laravel\\framework\\src\\Illuminate\\Foundation\\Http\\Kernel.php(213): Illuminate\\Foundation\\Http\\Kernel->terminateMiddleware(Object(Illuminate\\Http\\Request), Object(Illuminate\\Http\\Response))
#7 C:\\Users\\USER\\Documents\\GitHub\\Take-Home-Assessment\\laravel-project\\public\\index.php(56): Illuminate\\Foundation\\Http\\Kernel->terminate(Object(Illuminate\\Http\\Request), Object(Illuminate\\Http\\Response))
#8 C:\\Users\\USER\\Documents\\GitHub\\Take-Home-Assessment\\laravel-project\\vendor\\laravel\\framework\\src\\Illuminate\\Foundation\\resources\\server.php(16): require_once('C:\\\\Users\\\\USER\\\\D...')
#9 {main}
"} 
[2025-11-20 13:50:05] laravel.EMERGENCY: Unable to create configured logger. Using emergency logger. {"exception":"[object] (InvalidArgumentException(code: 0): Log [] is not defined. at C:\\Users\\USER\\Documents\\GitHub\\Take-Home-Assessment\\laravel-project\\vendor\\laravel\\framework\\src\\Illuminate\\Log\\LogManager.php:212)
[stacktrace]
#0 C:\\Users\\USER\\Documents\\GitHub\\Take-Home-Assessment\\laravel-project\\vendor\\laravel\\framework\\src\\Illuminate\\Log\\LogManager.php(137): Illuminate\\Log\\LogManager->resolve(NULL, NULL)
#1 C:\\Users\\USER\\Documents\\GitHub\\Take-Home-Assessment\\laravel-project\\vendor\\laravel\\framework\\src\\Illuminate\\Log\\LogManager.php(124): Illuminate\\Log\\LogManager->get(NULL)
#2 C:\\Users\\USER\\Documents\\GitHub\\Take-Home-Assessment\\laravel-project\\vendor\\laravel\\framework\\src\\Illuminate\\Log\\LogManager.php(681): Illuminate\\Log\\LogManager->driver()
#3 C:\\Users\\USER\\Documents\\GitHub\\Take-Home-Assessment\\laravel-project\\vendor\\laravel\\framework\\src\\Illuminate\\Foundation\\Exceptions\\Handler.php(317): Illuminate\\Log\\LogManager->error('Target class [A...', Array)
#4 C:\\Users\\USER\\Documents\\GitHub\\Take-Home-Assessment\\laravel-project\\vendor\\laravel\\framework\\src\\Illuminate\\Foundation\\Exceptions\\Handler.php(278): Illuminate\\Foundation\\Exceptions\\Handler->reportThrowable(Object(Illuminate\\Contracts\\Container\\BindingResolutionException))
#5 C:\\Users\\USER\\Documents\\GitHub\\Take-Home-Assessment\\laravel-project\\vendor\\laravel\\framework\\src\\Illuminate\\Routing\\Pipeline.php(49): Illuminate\\Foundation\\Exceptions\\Handler->report(Object(Illuminate\\Contracts\\Container\\BindingResolutionException))
#6 C:\\Users\\USER\\Documents\\GitHub\\Take-Home-Assessment\\laravel-project\\vendor\\laravel\\framework\\src\\Illuminate\\Pipeline\\Pipeline.php(188): Illuminate\\Routing\\Pipeline->handleException(Object(Illuminate\\Http\\Request), Object(Illuminate\\Contracts\\Container\\BindingResolutionException))
#7 C:\\Users\\USER\\Documents\\GitHub\\Take-Home-Assessment\\laravel-project\\vendor\\laravel\\framework\\src\\Illuminate\\Pipeline\\Pipeline.php(119): Illuminate\\Pipeline\\Pipeline->{closure:{closure:Illuminate\\Pipeline\\Pipeline::carry():158}:159}(Object(Illuminate\\Http\\Request))
#8 C:\\Users\\USER\\Documents\\GitHub\\Take-Home-Assessment\\laravel-project\\vendor\\laravel\\framework\\src\\Illuminate\\Foundation\\Http\\Kernel.php(175): Illuminate\\Pipeline\\Pipeline->then(Object(Closure))
#9 C:\\Users\\USER\\Documents\\GitHub\\Take-Home-Assessment\\laravel-project\\vendor\\laravel\\framework\\src\\Illuminate\\Foundation\\Http\\Kernel.php(144): Illuminate\\Foundation\\Http\\Kernel->sendRequestThroughRouter(Object(Illuminate\\Http\\Request))
#10 C:\\Users\\USER\\Documents\\GitHub\\Take-Home-Assessment\\laravel-project\\public\\index.php(50): Illuminate\\Foundation\\Http\\Kernel->handle(Object(Illuminate\\Http\\Request))
#11 C:\\Users\\USER\\Documents\\GitHub\\Take-Home-Assessment\\laravel-project\\vendor\\laravel\\framework\\src\\Illuminate\\Foundation\\resources\\server.php(16): require_once('C:\\\\Users\\\\USER\\\\D...')
#12 {main}
"} 
[2025-11-20 13:50:05] laravel.ERROR: Target class [App\Http\Middleware\TrustProxies] does not exist. {"exception":"[object] (Illuminate\\Contracts\\Container\\BindingResolutionException(code: 0): Target class [App\\Http\\Middleware\\TrustProxies] does not exist. at C:\\Users\\USER\\Documents\\GitHub\\Take-Home-Assessment\\laravel-project\\vendor\\laravel\\framework\\src\\Illuminate\\Container\\Container.php:914)
[stacktrace]
#0 C:\\Users\\USER\\Documents\\GitHub\\Take-Home-Assessment\\laravel-project\\vendor\\laravel\\framework\\src\\Illuminate\\Container\\Container.php(795): Illuminate\\Container\\Container->build('App\\\\Http\\\\Middle...')
#1 C:\\Users\\USER\\Documents\\GitHub\\Take-Home-Assessment\\laravel-project\\vendor\\laravel\\framework\\src\\Illuminate\\Foundation\\Application.php(986): Illuminate\\Container\\Container->resolve('App\\\\Http\\\\Middle...', Array, true)
#2 C:\\Users\\USER\\Documents\\GitHub\\Take-Home-Assessment\\laravel-project\\vendor\\laravel\\framework\\src\\Illuminate\\Container\\Container.php(731): Illuminate\\Foundation\\Application->resolve('App\\\\Http\\\\Middle...', Array)
#3 C:\\Users\\USER\\Documents\\GitHub\\Take-Home-Assessment\\laravel-project\\vendor\\laravel\\framework\\src\\Illuminate\\Foundation\\Application.php(971): Illuminate\\Container\\Container->make('App\\\\Http\\\\Middle...', Array)
#4 C:\\Users\\USER\\Documents\\GitHub\\Take-Home-Assessment\\laravel-project\\vendor\\laravel\\framework\\src\\Illuminate\\Pipeline\\Pipeline.php(172): Illuminate\\Foundation\\Application->make('App\\\\Http\\\\Middle...')
#5 C:\\Users\\USER\\Documents\\GitHub\\Take-Home-Assessment\\laravel-project\\vendor\\laravel\\framework\\src\\Illuminate\\Pipeline\\Pipeline.php(119): Illuminate\\Pipeline\\Pipeline->{closure:{closure:Illuminate\\Pipeline\\Pipeline::carry():158}:159}(Object(Illuminate\\Http\\Request))
#6 C:\\Users\\USER\\Documents\\GitHub\\Take-Home-Assessment\\laravel-project\\vendor\\laravel\\framework\\src\\Illuminate\\Foundation\\Http\\Kernel.php(175): Illuminate\\Pipeline\\Pipeline->then(Object(Closure))
#7 C:\\Users\\USER\\Documents\\GitHub\\Take-Home-Assessment\\laravel-project\\vendor\\laravel\\framework\\src\\Illuminate\\Foundation\\Http\\Kernel.php(144): Illuminate\\Foundation\\Http\\Kernel->sendRequestThroughRouter(Object(Illuminate\\Http\\Request))
#8 C:\\Users\\USER\\Documents\\GitHub\\Take-Home-Assessment\\laravel-project\\public\\index.php(50): Illuminate\\Foundation\\Http\\Kernel->handle(Object(Illuminate\\Http\\Request))
#9 C:\\Users\\USER\\Documents\\GitHub\\Take-Home-Assessment\\laravel-project\\vendor\\laravel\\framework\\src\\Illuminate\\Foundation\\resources\\server.php(16): require_once('C:\\\\Users\\\\USER\\\\D...')
#10 {main}

[previous exception] [object] (ReflectionException(code: -1): Class \"App\\Http\\Middleware\\TrustProxies\" does not exist at C:\\Users\\USER\\Documents\\GitHub\\Take-Home-Assessment\\laravel-project\\vendor\\laravel\\framework\\src\\Illuminate\\Container\\Container.php:912)
[stacktrace]
#0 C:\\Users\\USER\\Documents\\GitHub\\Take-Home-Assessment\\laravel-project\\vendor\\laravel\\framework\\src\\Illuminate\\Container\\Container.php(912): ReflectionClass->__construct('App\\\\Http\\\\Middle...')
#1 C:\\Users\\USER\\Documents\\GitHub\\Take-Home-Assessment\\laravel-project\\vendor\\laravel\\framework\\src\\Illuminate\\Container\\Container.php(795): Illuminate\\Container\\Container->build('App\\\\Http\\\\Middle...')
#2 C:\\Users\\USER\\Documents\\GitHub\\Take-Home-Assessment\\laravel-project\\vendor\\laravel\\framework\\src\\Illuminate\\Foundation\\Application.php(986): Illuminate\\Container\\Container->resolve('App\\\\Http\\\\Middle...', Array, true)
#3 C:\\Users\\USER\\Documents\\GitHub\\Take-Home-Assessment\\laravel-project\\vendor\\laravel\\framework\\src\\Illuminate\\Container\\Container.php(731): Illuminate\\Foundation\\Application->resolve('App\\\\Http\\\\Middle...', Array)
#4 C:\\Users\\USER\\Documents\\GitHub\\Take-Home-Assessment\\laravel-project\\vendor\\laravel\\framework\\src\\Illuminate\\Foundation\\Application.php(971): Illuminate\\Container\\Container->make('App\\\\Http\\\\Middle...', Array)
#5 C:\\Users\\USER\\Documents\\GitHub\\Take-Home-Assessment\\laravel-project\\vendor\\laravel\\framework\\src\\Illuminate\\Pipeline\\Pipeline.php(172): Illuminate\\Foundation\\Application->make('App\\\\Http\\\\Middle...')
#6 C:\\Users\\USER\\Documents\\GitHub\\Take-Home-Assessment\\laravel-project\\vendor\\laravel\\framework\\src\\Illuminate\\Pipeline\\Pipeline.php(119): Illuminate\\Pipeline\\Pipeline->{closure:{closure:Illuminate\\Pipeline\\Pipeline::carry():158}:159}(Object(Illuminate\\Http\\Request))
#7 C:\\Users\\USER\\Documents\\GitHub\\Take-Home-Assessment\\laravel-project\\vendor\\laravel\\framework\\src\\Illuminate\\Foundation\\Http\\Kernel.php(175): Illuminate\\Pipeline\\Pipeline->then(Object(Closure))
#8 C:\\Users\\USER\\Documents\\GitHub\\Take-Home-Assessment\\laravel-project\\vendor\\laravel\\framework\\src\\Illuminate\\Foundation\\Http\\Kernel.php(144): Illuminate\\Foundation\\Http\\Kernel->sendRequestThroughRouter(Object(Illuminate\\Http\\Request))
#9 C:\\Users\\USER\\Documents\\GitHub\\Take-Home-Assessment\\laravel-project\\public\\index.php(50): Illuminate\\Foundation\\Http\\Kernel->handle(Object(Illuminate\\Http\\Request))
#10 C:\\Users\\USER\\Documents\\GitHub\\Take-Home-Assessment\\laravel-project\\vendor\\laravel\\framework\\src\\Illuminate\\Foundation\\resources\\server.php(16): require_once('C:\\\\Users\\\\USER\\\\D...')
#11 {main}
"} 
[2025-11-20 13:50:05] laravel.EMERGENCY: Unable to create configured logger. Using emergency logger. {"exception":"[object] (InvalidArgumentException(code: 0): Log [] is not defined. at C:\\Users\\USER\\Documents\\GitHub\\Take-Home-Assessment\\laravel-project\\vendor\\laravel\\framework\\src\\Illuminate\\Log\\LogManager.php:212)
[stacktrace]
#0 C:\\Users\\USER\\Documents\\GitHub\\Take-Home-Assessment\\laravel-project\\vendor\\laravel\\framework\\src\\Illuminate\\Log\\LogManager.php(137): Illuminate\\Log\\LogManager->resolve(NULL, NULL)
#1 C:\\Users\\USER\\Documents\\GitHub\\Take-Home-Assessment\\laravel-project\\vendor\\laravel\\framework\\src\\Illuminate\\Log\\LogManager.php(124): Illuminate\\Log\\LogManager->get(NULL)
#2 C:\\Users\\USER\\Documents\\GitHub\\Take-Home-Assessment\\laravel-project\\vendor\\laravel\\framework\\src\\Illuminate\\Log\\LogManager.php(681): Illuminate\\Log\\LogManager->driver()
#3 C:\\Users\\USER\\Documents\\GitHub\\Take-Home-Assessment\\laravel-project\\vendor\\laravel\\framework\\src\\Illuminate\\Foundation\\Exceptions\\Handler.php(317): Illuminate\\Log\\LogManager->error('Target class [A...', Array)
#4 C:\\Users\\USER\\Documents\\GitHub\\Take-Home-Assessment\\laravel-project\\vendor\\laravel\\framework\\src\\Illuminate\\Foundation\\Exceptions\\Handler.php(278): Illuminate\\Foundation\\Exceptions\\Handler->reportThrowable(Object(Illuminate\\Contracts\\Container\\BindingResolutionException))
#5 C:\\Users\\USER\\Documents\\GitHub\\Take-Home-Assessment\\laravel-project\\vendor\\laravel\\framework\\src\\Illuminate\\Foundation\\Bootstrap\\HandleExceptions.php(183): Illuminate\\Foundation\\Exceptions\\Handler->report(Object(Illuminate\\Contracts\\Container\\BindingResolutionException))
#6 C:\\Users\\USER\\Documents\\GitHub\\Take-Home-Assessment\\laravel-project\\vendor\\laravel\\framework\\src\\Illuminate\\Foundation\\Bootstrap\\HandleExceptions.php(255): Illuminate\\Foundation\\Bootstrap\\HandleExceptions->handleException(Object(Illuminate\\Contracts\\Container\\BindingResolutionException))
#7 [internal function]: Illuminate\\Foundation\\Bootstrap\\HandleExceptions->{closure:Illuminate\\Foundation\\Bootstrap\\HandleExceptions::forwardsTo():254}(Object(Illuminate\\Contracts\\Container\\BindingResolutionException))
#8 {main}
"} 
[2025-11-20 13:50:05] laravel.ERROR: Target class [App\Http\Middleware\TrustProxies] does not exist. {"exception":"[object] (Illuminate\\Contracts\\Container\\BindingResolutionException(code: 0): Target class [App\\Http\\Middleware\\TrustProxies] does not exist. at C:\\Users\\USER\\Documents\\GitHub\\Take-Home-Assessment\\laravel-project\\vendor\\laravel\\framework\\src\\Illuminate\\Container\\Container.php:914)
[stacktrace]
#0 C:\\Users\\USER\\Documents\\GitHub\\Take-Home-Assessment\\laravel-project\\vendor\\laravel\\framework\\src\\Illuminate\\Container\\Container.php(795): Illuminate\\Container\\Container->build('App\\\\Http\\\\Middle...')
#1 C:\\Users\\USER\\Documents\\GitHub\\Take-Home-Assessment\\laravel-project\\vendor\\laravel\\framework\\src\\Illuminate\\Foundation\\Application.php(986): Illuminate\\Container\\Container->resolve('App\\\\Http\\\\Middle...', Array, true)
#2 C:\\Users\\USER\\Documents\\GitHub\\Take-Home-Assessment\\laravel-project\\vendor\\laravel\\framework\\src\\Illuminate\\Container\\Container.php(731): Illuminate\\Foundation\\Application->resolve('App\\\\Http\\\\Middle...', Array)
#3 C:\\Users\\USER\\Documents\\GitHub\\Take-Home-Assessment\\laravel-project\\vendor\\laravel\\framework\\src\\Illuminate\\Foundation\\Application.php(971): Illuminate\\Container\\Container->make('App\\\\Http\\\\Middle...', Array)
#4 C:\\Users\\USER\\Documents\\GitHub\\Take-Home-Assessment\\laravel-project\\vendor\\laravel\\framework\\src\\Illuminate\\Foundation\\Http\\Kernel.php(255): Illuminate\\Foundation\\Application->make('App\\\\Http\\\\Middle...')
#5 C:\\Users\\USER\\Documents\\GitHub\\Take-Home-Assessment\\laravel-project\\vendor\\laravel\\framework\\src\\Illuminate\\Foundation\\Http\\Kernel.php(213): Illuminate\\Foundation\\Http\\Kernel->terminateMiddleware(Object(Illuminate\\Http\\Request), Object(Illuminate\\Http\\Response))
#6 C:\\Users\\USER\\Documents\\GitHub\\Take-Home-Assessment\\laravel-project\\public\\index.php(56): Illuminate\\Foundation\\Http\\Kernel->terminate(Object(Illuminate\\Http\\Request), Object(Illuminate\\Http\\Response))
#7 C:\\Users\\USER\\Documents\\GitHub\\Take-Home-Assessment\\laravel-project\\vendor\\laravel\\framework\\src\\Illuminate\\Foundation\\resources\\server.php(16): require_once('C:\\\\Users\\\\USER\\\\D...')
#8 {main}

[previous exception] [object] (ReflectionException(code: -1): Class \"App\\Http\\Middleware\\TrustProxies\" does not exist at C:\\Users\\USER\\Documents\\GitHub\\Take-Home-Assessment\\laravel-project\\vendor\\laravel\\framework\\src\\Illuminate\\Container\\Container.php:912)
[stacktrace]
#0 C:\\Users\\USER\\Documents\\GitHub\\Take-Home-Assessment\\laravel-project\\vendor\\laravel\\framework\\src\\Illuminate\\Container\\Container.php(912): ReflectionClass->__construct('App\\\\Http\\\\Middle...')
#1 C:\\Users\\USER\\Documents\\GitHub\\Take-Home-Assessment\\laravel-project\\vendor\\laravel\\framework\\src\\Illuminate\\Container\\Container.php(795): Illuminate\\Container\\Container->build('App\\\\Http\\\\Middle...')
#2 C:\\Users\\USER\\Documents\\GitHub\\Take-Home-Assessment\\laravel-project\\vendor\\laravel\\framework\\src\\Illuminate\\Foundation\\Application.php(986): Illuminate\\Container\\Container->resolve('App\\\\Http\\\\Middle...', Array, true)
#3 C:\\Users\\USER\\Documents\\GitHub\\Take-Home-Assessment\\laravel-project\\vendor\\laravel\\framework\\src\\Illuminate\\Container\\Container.php(731): Illuminate\\Foundation\\Application->resolve('App\\\\Http\\\\Middle...', Array)
#4 C:\\Users\\USER\\Documents\\GitHub\\Take-Home-Assessment\\laravel-project\\vendor\\laravel\\framework\\src\\Illuminate\\Foundation\\Application.php(971): Illuminate\\Container\\Container->make('App\\\\Http\\\\Middle...', Array)
#5 C:\\Users\\USER\\Documents\\GitHub\\Take-Home-Assessment\\laravel-project\\vendor\\laravel\\framework\\src\\Illuminate\\Foundation\\Http\\Kernel.php(255): Illuminate\\Foundation\\Application->make('App\\\\Http\\\\Middle...')
#6 C:\\Users\\USER\\Documents\\GitHub\\Take-Home-Assessment\\laravel-project\\vendor\\laravel\\framework\\src\\Illuminate\\Foundation\\Http\\Kernel.php(213): Illuminate\\Foundation\\Http\\Kernel->terminateMiddleware(Object(Illuminate\\Http\\Request), Object(Illuminate\\Http\\Response))
#7 C:\\Users\\USER\\Documents\\GitHub\\Take-Home-Assessment\\laravel-project\\public\\index.php(56): Illuminate\\Foundation\\Http\\Kernel->terminate(Object(Illuminate\\Http\\Request), Object(Illuminate\\Http\\Response))
#8 C:\\Users\\USER\\Documents\\GitHub\\Take-Home-Assessment\\laravel-project\\vendor\\laravel\\framework\\src\\Illuminate\\Foundation\\resources\\server.php(16): require_once('C:\\\\Users\\\\USER\\\\D...')
#9 {main}
"} 
[2025-11-20 13:53:37] laravel.EMERGENCY: Unable to create configured logger. Using emergency logger. {"exception":"[object] (InvalidArgumentException(code: 0): Log [] is not defined. at C:\\Users\\USER\\Documents\\GitHub\\Take-Home-Assessment\\laravel-project\\vendor\\laravel\\framework\\src\\Illuminate\\Log\\LogManager.php:212)
[stacktrace]
#0 C:\\Users\\USER\\Documents\\GitHub\\Take-Home-Assessment\\laravel-project\\vendor\\laravel\\framework\\src\\Illuminate\\Log\\LogManager.php(137): Illuminate\\Log\\LogManager->resolve(NULL, NULL)
#1 C:\\Users\\USER\\Documents\\GitHub\\Take-Home-Assessment\\laravel-project\\vendor\\laravel\\framework\\src\\Illuminate\\Log\\LogManager.php(124): Illuminate\\Log\\LogManager->get(NULL)
#2 C:\\Users\\USER\\Documents\\GitHub\\Take-Home-Assessment\\laravel-project\\vendor\\laravel\\framework\\src\\Illuminate\\Log\\LogManager.php(681): Illuminate\\Log\\LogManager->driver()
#3 C:\\Users\\USER\\Documents\\GitHub\\Take-Home-Assessment\\laravel-project\\vendor\\laravel\\framework\\src\\Illuminate\\Foundation\\Exceptions\\Handler.php(317): Illuminate\\Log\\LogManager->error('Target class [A...', Array)
#4 C:\\Users\\USER\\Documents\\GitHub\\Take-Home-Assessment\\laravel-project\\vendor\\laravel\\framework\\src\\Illuminate\\Foundation\\Exceptions\\Handler.php(278): Illuminate\\Foundation\\Exceptions\\Handler->reportThrowable(Object(Illuminate\\Contracts\\Container\\BindingResolutionException))
#5 C:\\Users\\USER\\Documents\\GitHub\\Take-Home-Assessment\\laravel-project\\vendor\\laravel\\framework\\src\\Illuminate\\Routing\\Pipeline.php(49): Illuminate\\Foundation\\Exceptions\\Handler->report(Object(Illuminate\\Contracts\\Container\\BindingResolutionException))
#6 C:\\Users\\USER\\Documents\\GitHub\\Take-Home-Assessment\\laravel-project\\vendor\\laravel\\framework\\src\\Illuminate\\Pipeline\\Pipeline.php(188): Illuminate\\Routing\\Pipeline->handleException(Object(Illuminate\\Http\\Request), Object(Illuminate\\Contracts\\Container\\BindingResolutionException))
#7 C:\\Users\\USER\\Documents\\GitHub\\Take-Home-Assessment\\laravel-project\\vendor\\laravel\\framework\\src\\Illuminate\\Pipeline\\Pipeline.php(119): Illuminate\\Pipeline\\Pipeline->{closure:{closure:Illuminate\\Pipeline\\Pipeline::carry():158}:159}(Object(Illuminate\\Http\\Request))
#8 C:\\Users\\USER\\Documents\\GitHub\\Take-Home-Assessment\\laravel-project\\vendor\\laravel\\framework\\src\\Illuminate\\Foundation\\Http\\Kernel.php(175): Illuminate\\Pipeline\\Pipeline->then(Object(Closure))
#9 C:\\Users\\USER\\Documents\\GitHub\\Take-Home-Assessment\\laravel-project\\vendor\\laravel\\framework\\src\\Illuminate\\Foundation\\Http\\Kernel.php(144): Illuminate\\Foundation\\Http\\Kernel->sendRequestThroughRouter(Object(Illuminate\\Http\\Request))
#10 C:\\Users\\USER\\Documents\\GitHub\\Take-Home-Assessment\\laravel-project\\public\\index.php(50): Illuminate\\Foundation\\Http\\Kernel->handle(Object(Illuminate\\Http\\Request))
#11 C:\\Users\\USER\\Documents\\GitHub\\Take-Home-Assessment\\laravel-project\\vendor\\laravel\\framework\\src\\Illuminate\\Foundation\\resources\\server.php(16): require_once('C:\\\\Users\\\\USER\\\\D...')
#12 {main}
"} 
[2025-11-20 13:53:37] laravel.ERROR: Target class [App\Http\Middleware\TrustProxies] does not exist. {"exception":"[object] (Illuminate\\Contracts\\Container\\BindingResolutionException(code: 0): Target class [App\\Http\\Middleware\\TrustProxies] does not exist. at C:\\Users\\USER\\Documents\\GitHub\\Take-Home-Assessment\\laravel-project\\vendor\\laravel\\framework\\src\\Illuminate\\Container\\Container.php:914)
[stacktrace]
#0 C:\\Users\\USER\\Documents\\GitHub\\Take-Home-Assessment\\laravel-project\\vendor\\laravel\\framework\\src\\Illuminate\\Container\\Container.php(795): Illuminate\\Container\\Container->build('App\\\\Http\\\\Middle...')
#1 C:\\Users\\USER\\Documents\\GitHub\\Take-Home-Assessment\\laravel-project\\vendor\\laravel\\framework\\src\\Illuminate\\Foundation\\Application.php(986): Illuminate\\Container\\Container->resolve('App\\\\Http\\\\Middle...', Array, true)
#2 C:\\Users\\USER\\Documents\\GitHub\\Take-Home-Assessment\\laravel-project\\vendor\\laravel\\framework\\src\\Illuminate\\Container\\Container.php(731): Illuminate\\Foundation\\Application->resolve('App\\\\Http\\\\Middle...', Array)
#3 C:\\Users\\USER\\Documents\\GitHub\\Take-Home-Assessment\\laravel-project\\vendor\\laravel\\framework\\src\\Illuminate\\Foundation\\Application.php(971): Illuminate\\Container\\Container->make('App\\\\Http\\\\Middle...', Array)
#4 C:\\Users\\USER\\Documents\\GitHub\\Take-Home-Assessment\\laravel-project\\vendor\\laravel\\framework\\src\\Illuminate\\Pipeline\\Pipeline.php(172): Illuminate\\Foundation\\Application->make('App\\\\Http\\\\Middle...')
#5 C:\\Users\\USER\\Documents\\GitHub\\Take-Home-Assessment\\laravel-project\\vendor\\laravel\\framework\\src\\Illuminate\\Pipeline\\Pipeline.php(119): Illuminate\\Pipeline\\Pipeline->{closure:{closure:Illuminate\\Pipeline\\Pipeline::carry():158}:159}(Object(Illuminate\\Http\\Request))
#6 C:\\Users\\USER\\Documents\\GitHub\\Take-Home-Assessment\\laravel-project\\vendor\\laravel\\framework\\src\\Illuminate\\Foundation\\Http\\Kernel.php(175): Illuminate\\Pipeline\\Pipeline->then(Object(Closure))
#7 C:\\Users\\USER\\Documents\\GitHub\\Take-Home-Assessment\\laravel-project\\vendor\\laravel\\framework\\src\\Illuminate\\Foundation\\Http\\Kernel.php(144): Illuminate\\Foundation\\Http\\Kernel->sendRequestThroughRouter(Object(Illuminate\\Http\\Request))
#8 C:\\Users\\USER\\Documents\\GitHub\\Take-Home-Assessment\\laravel-project\\public\\index.php(50): Illuminate\\Foundation\\Http\\Kernel->handle(Object(Illuminate\\Http\\Request))
#9 C:\\Users\\USER\\Documents\\GitHub\\Take-Home-Assessment\\laravel-project\\vendor\\laravel\\framework\\src\\Illuminate\\Foundation\\resources\\server.php(16): require_once('C:\\\\Users\\\\USER\\\\D...')
#10 {main}

[previous exception] [object] (ReflectionException(code: -1): Class \"App\\Http\\Middleware\\TrustProxies\" does not exist at C:\\Users\\USER\\Documents\\GitHub\\Take-Home-Assessment\\laravel-project\\vendor\\laravel\\framework\\src\\Illuminate\\Container\\Container.php:912)
[stacktrace]
#0 C:\\Users\\USER\\Documents\\GitHub\\Take-Home-Assessment\\laravel-project\\vendor\\laravel\\framework\\src\\Illuminate\\Container\\Container.php(912): ReflectionClass->__construct('App\\\\Http\\\\Middle...')
#1 C:\\Users\\USER\\Documents\\GitHub\\Take-Home-Assessment\\laravel-project\\vendor\\laravel\\framework\\src\\Illuminate\\Container\\Container.php(795): Illuminate\\Container\\Container->build('App\\\\Http\\\\Middle...')
#2 C:\\Users\\USER\\Documents\\GitHub\\Take-Home-Assessment\\laravel-project\\vendor\\laravel\\framework\\src\\Illuminate\\Foundation\\Application.php(986): Illuminate\\Container\\Container->resolve('App\\\\Http\\\\Middle...', Array, true)
#3 C:\\Users\\USER\\Documents\\GitHub\\Take-Home-Assessment\\laravel-project\\vendor\\laravel\\framework\\src\\Illuminate\\Container\\Container.php(731): Illuminate\\Foundation\\Application->resolve('App\\\\Http\\\\Middle...', Array)
#4 C:\\Users\\USER\\Documents\\GitHub\\Take-Home-Assessment\\laravel-project\\vendor\\laravel\\framework\\src\\Illuminate\\Foundation\\Application.php(971): Illuminate\\Container\\Container->make('App\\\\Http\\\\Middle...', Array)
#5 C:\\Users\\USER\\Documents\\GitHub\\Take-Home-Assessment\\laravel-project\\vendor\\laravel\\framework\\src\\Illuminate\\Pipeline\\Pipeline.php(172): Illuminate\\Foundation\\Application->make('App\\\\Http\\\\Middle...')
#6 C:\\Users\\USER\\Documents\\GitHub\\Take-Home-Assessment\\laravel-project\\vendor\\laravel\\framework\\src\\Illuminate\\Pipeline\\Pipeline.php(119): Illuminate\\Pipeline\\Pipeline->{closure:{closure:Illuminate\\Pipeline\\Pipeline::carry():158}:159}(Object(Illuminate\\Http\\Request))
#7 C:\\Users\\USER\\Documents\\GitHub\\Take-Home-Assessment\\laravel-project\\vendor\\laravel\\framework\\src\\Illuminate\\Foundation\\Http\\Kernel.php(175): Illuminate\\Pipeline\\Pipeline->then(Object(Closure))
#8 C:\\Users\\USER\\Documents\\GitHub\\Take-Home-Assessment\\laravel-project\\vendor\\laravel\\framework\\src\\Illuminate\\Foundation\\Http\\Kernel.php(144): Illuminate\\Foundation\\Http\\Kernel->sendRequestThroughRouter(Object(Illuminate\\Http\\Request))
#9 C:\\Users\\USER\\Documents\\GitHub\\Take-Home-Assessment\\laravel-project\\public\\index.php(50): Illuminate\\Foundation\\Http\\Kernel->handle(Object(Illuminate\\Http\\Request))
#10 C:\\Users\\USER\\Documents\\GitHub\\Take-Home-Assessment\\laravel-project\\vendor\\laravel\\framework\\src\\Illuminate\\Foundation\\resources\\server.php(16): require_once('C:\\\\Users\\\\USER\\\\D...')
#11 {main}
"} 
[2025-11-20 13:53:37] laravel.EMERGENCY: Unable to create configured logger. Using emergency logger. {"exception":"[object] (InvalidArgumentException(code: 0): Log [] is not defined. at C:\\Users\\USER\\Documents\\GitHub\\Take-Home-Assessment\\laravel-project\\vendor\\laravel\\framework\\src\\Illuminate\\Log\\LogManager.php:212)
[stacktrace]
#0 C:\\Users\\USER\\Documents\\GitHub\\Take-Home-Assessment\\laravel-project\\vendor\\laravel\\framework\\src\\Illuminate\\Log\\LogManager.php(137): Illuminate\\Log\\LogManager->resolve(NULL, NULL)
#1 C:\\Users\\USER\\Documents\\GitHub\\Take-Home-Assessment\\laravel-project\\vendor\\laravel\\framework\\src\\Illuminate\\Log\\LogManager.php(124): Illuminate\\Log\\LogManager->get(NULL)
#2 C:\\Users\\USER\\Documents\\GitHub\\Take-Home-Assessment\\laravel-project\\vendor\\laravel\\framework\\src\\Illuminate\\Log\\LogManager.php(681): Illuminate\\Log\\LogManager->driver()
#3 C:\\Users\\USER\\Documents\\GitHub\\Take-Home-Assessment\\laravel-project\\vendor\\laravel\\framework\\src\\Illuminate\\Foundation\\Exceptions\\Handler.php(317): Illuminate\\Log\\LogManager->error('Target class [A...', Array)
#4 C:\\Users\\USER\\Documents\\GitHub\\Take-Home-Assessment\\laravel-project\\vendor\\laravel\\framework\\src\\Illuminate\\Foundation\\Exceptions\\Handler.php(278): Illuminate\\Foundation\\Exceptions\\Handler->reportThrowable(Object(Illuminate\\Contracts\\Container\\BindingResolutionException))
#5 C:\\Users\\USER\\Documents\\GitHub\\Take-Home-Assessment\\laravel-project\\vendor\\laravel\\framework\\src\\Illuminate\\Foundation\\Bootstrap\\HandleExceptions.php(183): Illuminate\\Foundation\\Exceptions\\Handler->report(Object(Illuminate\\Contracts\\Container\\BindingResolutionException))
#6 C:\\Users\\USER\\Documents\\GitHub\\Take-Home-Assessment\\laravel-project\\vendor\\laravel\\framework\\src\\Illuminate\\Foundation\\Bootstrap\\HandleExceptions.php(255): Illuminate\\Foundation\\Bootstrap\\HandleExceptions->handleException(Object(Illuminate\\Contracts\\Container\\BindingResolutionException))
#7 [internal function]: Illuminate\\Foundation\\Bootstrap\\HandleExceptions->{closure:Illuminate\\Foundation\\Bootstrap\\HandleExceptions::forwardsTo():254}(Object(Illuminate\\Contracts\\Container\\BindingResolutionException))
#8 {main}
"} 
[2025-11-20 13:53:37] laravel.ERROR: Target class [App\Http\Middleware\TrustProxies] does not exist. {"exception":"[object] (Illuminate\\Contracts\\Container\\BindingResolutionException(code: 0): Target class [App\\Http\\Middleware\\TrustProxies] does not exist. at C:\\Users\\USER\\Documents\\GitHub\\Take-Home-Assessment\\laravel-project\\vendor\\laravel\\framework\\src\\Illuminate\\Container\\Container.php:914)
[stacktrace]
#0 C:\\Users\\USER\\Documents\\GitHub\\Take-Home-Assessment\\laravel-project\\vendor\\laravel\\framework\\src\\Illuminate\\Container\\Container.php(795): Illuminate\\Container\\Container->build('App\\\\Http\\\\Middle...')
#1 C:\\Users\\USER\\Documents\\GitHub\\Take-Home-Assessment\\laravel-project\\vendor\\laravel\\framework\\src\\Illuminate\\Foundation\\Application.php(986): Illuminate\\Container\\Container->resolve('App\\\\Http\\\\Middle...', Array, true)
#2 C:\\Users\\USER\\Documents\\GitHub\\Take-Home-Assessment\\laravel-project\\vendor\\laravel\\framework\\src\\Illuminate\\Container\\Container.php(731): Illuminate\\Foundation\\Application->resolve('App\\\\Http\\\\Middle...', Array)
#3 C:\\Users\\USER\\Documents\\GitHub\\Take-Home-Assessment\\laravel-project\\vendor\\laravel\\framework\\src\\Illuminate\\Foundation\\Application.php(971): Illuminate\\Container\\Container->make('App\\\\Http\\\\Middle...', Array)
#4 C:\\Users\\USER\\Documents\\GitHub\\Take-Home-Assessment\\laravel-project\\vendor\\laravel\\framework\\src\\Illuminate\\Foundation\\Http\\Kernel.php(255): Illuminate\\Foundation\\Application->make('App\\\\Http\\\\Middle...')
#5 C:\\Users\\USER\\Documents\\GitHub\\Take-Home-Assessment\\laravel-project\\vendor\\laravel\\framework\\src\\Illuminate\\Foundation\\Http\\Kernel.php(213): Illuminate\\Foundation\\Http\\Kernel->terminateMiddleware(Object(Illuminate\\Http\\Request), Object(Illuminate\\Http\\Response))
#6 C:\\Users\\USER\\Documents\\GitHub\\Take-Home-Assessment\\laravel-project\\public\\index.php(56): Illuminate\\Foundation\\Http\\Kernel->terminate(Object(Illuminate\\Http\\Request), Object(Illuminate\\Http\\Response))
#7 C:\\Users\\USER\\Documents\\GitHub\\Take-Home-Assessment\\laravel-project\\vendor\\laravel\\framework\\src\\Illuminate\\Foundation\\resources\\server.php(16): require_once('C:\\\\Users\\\\USER\\\\D...')
#8 {main}

[previous exception] [object] (ReflectionException(code: -1): Class \"App\\Http\\Middleware\\TrustProxies\" does not exist at C:\\Users\\USER\\Documents\\GitHub\\Take-Home-Assessment\\laravel-project\\vendor\\laravel\\framework\\src\\Illuminate\\Container\\Container.php:912)
[stacktrace]
#0 C:\\Users\\USER\\Documents\\GitHub\\Take-Home-Assessment\\laravel-project\\vendor\\laravel\\framework\\src\\Illuminate\\Container\\Container.php(912): ReflectionClass->__construct('App\\\\Http\\\\Middle...')
#1 C:\\Users\\USER\\Documents\\GitHub\\Take-Home-Assessment\\laravel-project\\vendor\\laravel\\framework\\src\\Illuminate\\Container\\Container.php(795): Illuminate\\Container\\Container->build('App\\\\Http\\\\Middle...')
#2 C:\\Users\\USER\\Documents\\GitHub\\Take-Home-Assessment\\laravel-project\\vendor\\laravel\\framework\\src\\Illuminate\\Foundation\\Application.php(986): Illuminate\\Container\\Container->resolve('App\\\\Http\\\\Middle...', Array, true)
#3 C:\\Users\\USER\\Documents\\GitHub\\Take-Home-Assessment\\laravel-project\\vendor\\laravel\\framework\\src\\Illuminate\\Container\\Container.php(731): Illuminate\\Foundation\\Application->resolve('App\\\\Http\\\\Middle...', Array)
#4 C:\\Users\\USER\\Documents\\GitHub\\Take-Home-Assessment\\laravel-project\\vendor\\laravel\\framework\\src\\Illuminate\\Foundation\\Application.php(971): Illuminate\\Container\\Container->make('App\\\\Http\\\\Middle...', Array)
#5 C:\\Users\\USER\\Documents\\GitHub\\Take-Home-Assessment\\laravel-project\\vendor\\laravel\\framework\\src\\Illuminate\\Foundation\\Http\\Kernel.php(255): Illuminate\\Foundation\\Application->make('App\\\\Http\\\\Middle...')
#6 C:\\Users\\USER\\Documents\\GitHub\\Take-Home-Assessment\\laravel-project\\vendor\\laravel\\framework\\src\\Illuminate\\Foundation\\Http\\Kernel.php(213): Illuminate\\Foundation\\Http\\Kernel->terminateMiddleware(Object(Illuminate\\Http\\Request), Object(Illuminate\\Http\\Response))
#7 C:\\Users\\USER\\Documents\\GitHub\\Take-Home-Assessment\\laravel-project\\public\\index.php(56): Illuminate\\Foundation\\Http\\Kernel->terminate(Object(Illuminate\\Http\\Request), Object(Illuminate\\Http\\Response))
#8 C:\\Users\\USER\\Documents\\GitHub\\Take-Home-Assessment\\laravel-project\\vendor\\laravel\\framework\\src\\Illuminate\\Foundation\\resources\\server.php(16): require_once('C:\\\\Users\\\\USER\\\\D...')
#9 {main}
"} 
[2025-11-20 13:55:20] laravel.EMERGENCY: Unable to create configured logger. Using emergency logger. {"exception":"[object] (InvalidArgumentException(code: 0): Log [] is not defined. at C:\\Users\\USER\\Documents\\GitHub\\Take-Home-Assessment\\laravel-project\\vendor\\laravel\\framework\\src\\Illuminate\\Log\\LogManager.php:212)
[stacktrace]
#0 C:\\Users\\USER\\Documents\\GitHub\\Take-Home-Assessment\\laravel-project\\vendor\\laravel\\framework\\src\\Illuminate\\Log\\LogManager.php(137): Illuminate\\Log\\LogManager->resolve(NULL, NULL)
#1 C:\\Users\\USER\\Documents\\GitHub\\Take-Home-Assessment\\laravel-project\\vendor\\laravel\\framework\\src\\Illuminate\\Log\\LogManager.php(124): Illuminate\\Log\\LogManager->get(NULL)
#2 C:\\Users\\USER\\Documents\\GitHub\\Take-Home-Assessment\\laravel-project\\vendor\\laravel\\framework\\src\\Illuminate\\Log\\LogManager.php(681): Illuminate\\Log\\LogManager->driver()
#3 C:\\Users\\USER\\Documents\\GitHub\\Take-Home-Assessment\\laravel-project\\vendor\\laravel\\framework\\src\\Illuminate\\Foundation\\Exceptions\\Handler.php(317): Illuminate\\Log\\LogManager->error('Illuminate\\\\View...', Array)
#4 C:\\Users\\USER\\Documents\\GitHub\\Take-Home-Assessment\\laravel-project\\vendor\\laravel\\framework\\src\\Illuminate\\Foundation\\Exceptions\\Handler.php(278): Illuminate\\Foundation\\Exceptions\\Handler->reportThrowable(Object(TypeError))
#5 C:\\Users\\USER\\Documents\\GitHub\\Take-Home-Assessment\\laravel-project\\vendor\\laravel\\framework\\src\\Illuminate\\Routing\\Pipeline.php(49): Illuminate\\Foundation\\Exceptions\\Handler->report(Object(TypeError))
#6 C:\\Users\\USER\\Documents\\GitHub\\Take-Home-Assessment\\laravel-project\\vendor\\laravel\\framework\\src\\Illuminate\\Pipeline\\Pipeline.php(188): Illuminate\\Routing\\Pipeline->handleException(Object(Illuminate\\Http\\Request), Object(TypeError))
#7 C:\\Users\\USER\\Documents\\GitHub\\Take-Home-Assessment\\laravel-project\\vendor\\laravel\\framework\\src\\Illuminate\\Foundation\\Http\\Middleware\\TransformsRequest.php(21): Illuminate\\Pipeline\\Pipeline->{closure:{closure:Illuminate\\Pipeline\\Pipeline::carry():158}:159}(Object(Illuminate\\Http\\Request))
#8 C:\\Users\\USER\\Documents\\GitHub\\Take-Home-Assessment\\laravel-project\\vendor\\laravel\\framework\\src\\Illuminate\\Foundation\\Http\\Middleware\\TrimStrings.php(40): Illuminate\\Foundation\\Http\\Middleware\\TransformsRequest->handle(Object(Illuminate\\Http\\Request), Object(Closure))
#9 C:\\Users\\USER\\Documents\\GitHub\\Take-Home-Assessment\\laravel-project\\vendor\\laravel\\framework\\src\\Illuminate\\Pipeline\\Pipeline.php(183): Illuminate\\Foundation\\Http\\Middleware\\TrimStrings->handle(Object(Illuminate\\Http\\Request), Object(Closure))
#10 C:\\Users\\USER\\Documents\\GitHub\\Take-Home-Assessment\\laravel-project\\vendor\\laravel\\framework\\src\\Illuminate\\Foundation\\Http\\Middleware\\ValidatePostSize.php(27): Illuminate\\Pipeline\\Pipeline->{closure:{closure:Illuminate\\Pipeline\\Pipeline::carry():158}:159}(Object(Illuminate\\Http\\Request))
#11 C:\\Users\\USER\\Documents\\GitHub\\Take-Home-Assessment\\laravel-project\\vendor\\laravel\\framework\\src\\Illuminate\\Pipeline\\Pipeline.php(183): Illuminate\\Foundation\\Http\\Middleware\\ValidatePostSize->handle(Object(Illuminate\\Http\\Request), Object(Closure))
#12 C:\\Users\\USER\\Documents\\GitHub\\Take-Home-Assessment\\laravel-project\\vendor\\laravel\\framework\\src\\Illuminate\\Foundation\\Http\\Middleware\\PreventRequestsDuringMaintenance.php(99): Illuminate\\Pipeline\\Pipeline->{closure:{closure:Illuminate\\Pipeline\\Pipeline::carry():158}:159}(Object(Illuminate\\Http\\Request))
#13 C:\\Users\\USER\\Documents\\GitHub\\Take-Home-Assessment\\laravel-project\\vendor\\laravel\\framework\\src\\Illuminate\\Pipeline\\Pipeline.php(183): Illuminate\\Foundation\\Http\\Middleware\\PreventRequestsDuringMaintenance->handle(Object(Illuminate\\Http\\Request), Object(Closure))
#14 C:\\Users\\USER\\Documents\\GitHub\\Take-Home-Assessment\\laravel-project\\vendor\\laravel\\framework\\src\\Illuminate\\Http\\Middleware\\HandleCors.php(49): Illuminate\\Pipeline\\Pipeline->{closure:{closure:Illuminate\\Pipeline\\Pipeline::carry():158}:159}(Object(Illuminate\\Http\\Request))
#15 C:\\Users\\USER\\Documents\\GitHub\\Take-Home-Assessment\\laravel-project\\vendor\\laravel\\framework\\src\\Illuminate\\Pipeline\\Pipeline.php(183): Illuminate\\Http\\Middleware\\HandleCors->handle(Object(Illuminate\\Http\\Request), Object(Closure))
#16 C:\\Users\\USER\\Documents\\GitHub\\Take-Home-Assessment\\laravel-project\\vendor\\laravel\\framework\\src\\Illuminate\\Http\\Middleware\\TrustProxies.php(39): Illuminate\\Pipeline\\Pipeline->{closure:{closure:Illuminate\\Pipeline\\Pipeline::carry():158}:159}(Object(Illuminate\\Http\\Request))
#17 C:\\Users\\USER\\Documents\\GitHub\\Take-Home-Assessment\\laravel-project\\vendor\\laravel\\framework\\src\\Illuminate\\Pipeline\\Pipeline.php(183): Illuminate\\Http\\Middleware\\TrustProxies->handle(Object(Illuminate\\Http\\Request), Object(Closure))
#18 C:\\Users\\USER\\Documents\\GitHub\\Take-Home-Assessment\\laravel-project\\vendor\\laravel\\framework\\src\\Illuminate\\Pipeline\\Pipeline.php(119): Illuminate\\Pipeline\\Pipeline->{closure:{closure:Illuminate\\Pipeline\\Pipeline::carry():158}:159}(Object(Illuminate\\Http\\Request))
#19 C:\\Users\\USER\\Documents\\GitHub\\Take-Home-Assessment\\laravel-project\\vendor\\laravel\\framework\\src\\Illuminate\\Foundation\\Http\\Kernel.php(175): Illuminate\\Pipeline\\Pipeline->then(Object(Closure))
#20 C:\\Users\\USER\\Documents\\GitHub\\Take-Home-Assessment\\laravel-project\\vendor\\laravel\\framework\\src\\Illuminate\\Foundation\\Http\\Kernel.php(144): Illuminate\\Foundation\\Http\\Kernel->sendRequestThroughRouter(Object(Illuminate\\Http\\Request))
#21 C:\\Users\\USER\\Documents\\GitHub\\Take-Home-Assessment\\laravel-project\\public\\index.php(50): Illuminate\\Foundation\\Http\\Kernel->handle(Object(Illuminate\\Http\\Request))
#22 C:\\Users\\USER\\Documents\\GitHub\\Take-Home-Assessment\\laravel-project\\vendor\\laravel\\framework\\src\\Illuminate\\Foundation\\resources\\server.php(16): require_once('C:\\\\Users\\\\USER\\\\D...')
#23 {main}
"} 
[2025-11-20 13:55:20] laravel.ERROR: Illuminate\View\FileViewFinder::__construct(): Argument #2 ($paths) must be of type array, null given, called in C:\Users\USER\Documents\GitHub\Take-Home-Assessment\laravel-project\vendor\laravel\framework\src\Illuminate\View\ViewServiceProvider.php on line 85 {"exception":"[object] (TypeError(code: 0): Illuminate\\View\\FileViewFinder::__construct(): Argument #2 ($paths) must be of type array, null given, called in C:\\Users\\USER\\Documents\\GitHub\\Take-Home-Assessment\\laravel-project\\vendor\\laravel\\framework\\src\\Illuminate\\View\\ViewServiceProvider.php on line 85 at C:\\Users\\USER\\Documents\\GitHub\\Take-Home-Assessment\\laravel-project\\vendor\\laravel\\framework\\src\\Illuminate\\View\\FileViewFinder.php:53)
[stacktrace]
#0 C:\\Users\\USER\\Documents\\GitHub\\Take-Home-Assessment\\laravel-project\\vendor\\laravel\\framework\\src\\Illuminate\\View\\ViewServiceProvider.php(85): Illuminate\\View\\FileViewFinder->__construct(Object(Illuminate\\Filesystem\\Filesystem), NULL)
#1 C:\\Users\\USER\\Documents\\GitHub\\Take-Home-Assessment\\laravel-project\\vendor\\laravel\\framework\\src\\Illuminate\\Container\\Container.php(908): Illuminate\\View\\ViewServiceProvider->{closure:Illuminate\\View\\ViewServiceProvider::registerViewFinder():84}(Object(Illuminate\\Foundation\\Application), Array)
#2 C:\\Users\\USER\\Documents\\GitHub\\Take-Home-Assessment\\laravel-project\\vendor\\laravel\\framework\\src\\Illuminate\\Container\\Container.php(795): Illuminate\\Container\\Container->build(Object(Closure))
#3 C:\\Users\\USER\\Documents\\GitHub\\Take-Home-Assessment\\laravel-project\\vendor\\laravel\\framework\\src\\Illuminate\\Foundation\\Application.php(986): Illuminate\\Container\\Container->resolve('view.finder', Array, true)
#4 C:\\Users\\USER\\Documents\\GitHub\\Take-Home-Assessment\\laravel-project\\vendor\\laravel\\framework\\src\\Illuminate\\Container\\Container.php(731): Illuminate\\Foundation\\Application->resolve('view.finder', Array)
#5 C:\\Users\\USER\\Documents\\GitHub\\Take-Home-Assessment\\laravel-project\\vendor\\laravel\\framework\\src\\Illuminate\\Foundation\\Application.php(971): Illuminate\\Container\\Container->make('view.finder', Array)
#6 C:\\Users\\USER\\Documents\\GitHub\\Take-Home-Assessment\\laravel-project\\vendor\\laravel\\framework\\src\\Illuminate\\Container\\Container.php(1454): Illuminate\\Foundation\\Application->make('view.finder')
#7 C:\\Users\\USER\\Documents\\GitHub\\Take-Home-Assessment\\laravel-project\\vendor\\laravel\\framework\\src\\Illuminate\\View\\ViewServiceProvider.php(45): Illuminate\\Container\\Container->offsetGet('view.finder')
#8 C:\\Users\\USER\\Documents\\GitHub\\Take-Home-Assessment\\laravel-project\\vendor\\laravel\\framework\\src\\Illuminate\\Container\\Container.php(908): Illuminate\\View\\ViewServiceProvider->{closure:Illuminate\\View\\ViewServiceProvider::registerFactory():39}(Object(Illuminate\\Foundation\\Application), Array)
#9 C:\\Users\\USER\\Documents\\GitHub\\Take-Home-Assessment\\laravel-project\\vendor\\laravel\\framework\\src\\Illuminate\\Container\\Container.php(795): Illuminate\\Container\\Container->build(Object(Closure))
#10 C:\\Users\\USER\\Documents\\GitHub\\Take-Home-Assessment\\laravel-project\\vendor\\laravel\\framework\\src\\Illuminate\\Foundation\\Application.php(986): Illuminate\\Container\\Container->resolve('view', Array, true)
#11 C:\\Users\\USER\\Documents\\GitHub\\Take-Home-Assessment\\laravel-project\\vendor\\laravel\\framework\\src\\Illuminate\\Container\\Container.php(731): Illuminate\\Foundation\\Application->resolve('view', Array)
#12 C:\\Users\\USER\\Documents\\GitHub\\Take-Home-Assessment\\laravel-project\\vendor\\laravel\\framework\\src\\Illuminate\\Foundation\\Application.php(971): Illuminate\\Container\\Container->make('view', Array)
#13 C:\\Users\\USER\\Documents\\GitHub\\Take-Home-Assessment\\laravel-project\\vendor\\laravel\\framework\\src\\Illuminate\\Container\\Container.php(1454): Illuminate\\Foundation\\Application->make('view')
#14 C:\\Users\\USER\\Documents\\GitHub\\Take-Home-Assessment\\laravel-project\\vendor\\laravel\\framework\\src\\Illuminate\\Support\\Facades\\Facade.php(237): Illuminate\\Container\\Container->offsetGet('view')
#15 C:\\Users\\USER\\Documents\\GitHub\\Take-Home-Assessment\\laravel-project\\vendor\\laravel\\framework\\src\\Illuminate\\Support\\Facades\\Facade.php(208): Illuminate\\Support\\Facades\\Facade::resolveFacadeInstance('view')
#16 C:\\Users\\USER\\Documents\\GitHub\\Take-Home-Assessment\\laravel-project\\vendor\\laravel\\framework\\src\\Illuminate\\Support\\Facades\\Facade.php(349): Illuminate\\Support\\Facades\\Facade::getFacadeRoot()
#17 C:\\Users\\USER\\Documents\\GitHub\\Take-Home-Assessment\\laravel-project\\vendor\\laravel\\framework\\src\\Illuminate\\Foundation\\Exceptions\\RegisterErrorViewPaths.php(16): Illuminate\\Support\\Facades\\Facade::__callStatic('replaceNamespac...', Array)
#18 C:\\Users\\USER\\Documents\\GitHub\\Take-Home-Assessment\\laravel-project\\vendor\\laravel\\framework\\src\\Illuminate\\Foundation\\Exceptions\\Handler.php(744): Illuminate\\Foundation\\Exceptions\\RegisterErrorViewPaths->__invoke()
#19 C:\\Users\\USER\\Documents\\GitHub\\Take-Home-Assessment\\laravel-project\\vendor\\laravel\\framework\\src\\Illuminate\\Foundation\\Exceptions\\Handler.php(719): Illuminate\\Foundation\\Exceptions\\Handler->registerErrorViewPaths()
#20 C:\\Users\\USER\\Documents\\GitHub\\Take-Home-Assessment\\laravel-project\\vendor\\laravel\\framework\\src\\Illuminate\\Foundation\\Exceptions\\Handler.php(650): Illuminate\\Foundation\\Exceptions\\Handler->renderHttpException(Object(Symfony\\Component\\HttpKernel\\Exception\\NotFoundHttpException))
#21 C:\\Users\\USER\\Documents\\GitHub\\Take-Home-Assessment\\laravel-project\\vendor\\laravel\\framework\\src\\Illuminate\\Foundation\\Exceptions\\Handler.php(556): Illuminate\\Foundation\\Exceptions\\Handler->prepareResponse(Object(Illuminate\\Http\\Request), Object(Symfony\\Component\\HttpKernel\\Exception\\NotFoundHttpException))
#22 C:\\Users\\USER\\Documents\\GitHub\\Take-Home-Assessment\\laravel-project\\vendor\\laravel\\framework\\src\\Illuminate\\Foundation\\Exceptions\\Handler.php(473): Illuminate\\Foundation\\Exceptions\\Handler->renderExceptionResponse(Object(Illuminate\\Http\\Request), Object(Symfony\\Component\\HttpKernel\\Exception\\NotFoundHttpException))
#23 C:\\Users\\USER\\Documents\\GitHub\\Take-Home-Assessment\\laravel-project\\vendor\\laravel\\framework\\src\\Illuminate\\Routing\\Pipeline.php(51): Illuminate\\Foundation\\Exceptions\\Handler->render(Object(Illuminate\\Http\\Request), Object(Symfony\\Component\\HttpKernel\\Exception\\NotFoundHttpException))
#24 C:\\Users\\USER\\Documents\\GitHub\\Take-Home-Assessment\\laravel-project\\vendor\\laravel\\framework\\src\\Illuminate\\Pipeline\\Pipeline.php(146): Illuminate\\Routing\\Pipeline->handleException(Object(Illuminate\\Http\\Request), Object(Symfony\\Component\\HttpKernel\\Exception\\NotFoundHttpException))
#25 C:\\Users\\USER\\Documents\\GitHub\\Take-Home-Assessment\\laravel-project\\vendor\\laravel\\framework\\src\\Illuminate\\Foundation\\Http\\Middleware\\TransformsRequest.php(21): Illuminate\\Pipeline\\Pipeline->{closure:Illuminate\\Pipeline\\Pipeline::prepareDestination():142}(Object(Illuminate\\Http\\Request))
#26 C:\\Users\\USER\\Documents\\GitHub\\Take-Home-Assessment\\laravel-project\\vendor\\laravel\\framework\\src\\Illuminate\\Foundation\\Http\\Middleware\\ConvertEmptyStringsToNull.php(31): Illuminate\\Foundation\\Http\\Middleware\\TransformsRequest->handle(Object(Illuminate\\Http\\Request), Object(Closure))
#27 C:\\Users\\USER\\Documents\\GitHub\\Take-Home-Assessment\\laravel-project\\vendor\\laravel\\framework\\src\\Illuminate\\Pipeline\\Pipeline.php(183): Illuminate\\Foundation\\Http\\Middleware\\ConvertEmptyStringsToNull->handle(Object(Illuminate\\Http\\Request), Object(Closure))
#28 C:\\Users\\USER\\Documents\\GitHub\\Take-Home-Assessment\\laravel-project\\vendor\\laravel\\framework\\src\\Illuminate\\Foundation\\Http\\Middleware\\TransformsRequest.php(21): Illuminate\\Pipeline\\Pipeline->{closure:{closure:Illuminate\\Pipeline\\Pipeline::carry():158}:159}(Object(Illuminate\\Http\\Request))
#29 C:\\Users\\USER\\Documents\\GitHub\\Take-Home-Assessment\\laravel-project\\vendor\\laravel\\framework\\src\\Illuminate\\Foundation\\Http\\Middleware\\TrimStrings.php(40): Illuminate\\Foundation\\Http\\Middleware\\TransformsRequest->handle(Object(Illuminate\\Http\\Request), Object(Closure))
#30 C:\\Users\\USER\\Documents\\GitHub\\Take-Home-Assessment\\laravel-project\\vendor\\laravel\\framework\\src\\Illuminate\\Pipeline\\Pipeline.php(183): Illuminate\\Foundation\\Http\\Middleware\\TrimStrings->handle(Object(Illuminate\\Http\\Request), Object(Closure))
#31 C:\\Users\\USER\\Documents\\GitHub\\Take-Home-Assessment\\laravel-project\\vendor\\laravel\\framework\\src\\Illuminate\\Foundation\\Http\\Middleware\\ValidatePostSize.php(27): Illuminate\\Pipeline\\Pipeline->{closure:{closure:Illuminate\\Pipeline\\Pipeline::carry():158}:159}(Object(Illuminate\\Http\\Request))
#32 C:\\Users\\USER\\Documents\\GitHub\\Take-Home-Assessment\\laravel-project\\vendor\\laravel\\framework\\src\\Illuminate\\Pipeline\\Pipeline.php(183): Illuminate\\Foundation\\Http\\Middleware\\ValidatePostSize->handle(Object(Illuminate\\Http\\Request), Object(Closure))
#33 C:\\Users\\USER\\Documents\\GitHub\\Take-Home-Assessment\\laravel-project\\vendor\\laravel\\framework\\src\\Illuminate\\Foundation\\Http\\Middleware\\PreventRequestsDuringMaintenance.php(99): Illuminate\\Pipeline\\Pipeline->{closure:{closure:Illuminate\\Pipeline\\Pipeline::carry():158}:159}(Object(Illuminate\\Http\\Request))
#34 C:\\Users\\USER\\Documents\\GitHub\\Take-Home-Assessment\\laravel-project\\vendor\\laravel\\framework\\src\\Illuminate\\Pipeline\\Pipeline.php(183): Illuminate\\Foundation\\Http\\Middleware\\PreventRequestsDuringMaintenance->handle(Object(Illuminate\\Http\\Request), Object(Closure))
#35 C:\\Users\\USER\\Documents\\GitHub\\Take-Home-Assessment\\laravel-project\\vendor\\laravel\\framework\\src\\Illuminate\\Http\\Middleware\\HandleCors.php(49): Illuminate\\Pipeline\\Pipeline->{closure:{closure:Illuminate\\Pipeline\\Pipeline::carry():158}:159}(Object(Illuminate\\Http\\Request))
#36 C:\\Users\\USER\\Documents\\GitHub\\Take-Home-Assessment\\laravel-project\\vendor\\laravel\\framework\\src\\Illuminate\\Pipeline\\Pipeline.php(183): Illuminate\\Http\\Middleware\\HandleCors->handle(Object(Illuminate\\Http\\Request), Object(Closure))
#37 C:\\Users\\USER\\Documents\\GitHub\\Take-Home-Assessment\\laravel-project\\vendor\\laravel\\framework\\src\\Illuminate\\Http\\Middleware\\TrustProxies.php(39): Illuminate\\Pipeline\\Pipeline->{closure:{closure:Illuminate\\Pipeline\\Pipeline::carry():158}:159}(Object(Illuminate\\Http\\Request))
#38 C:\\Users\\USER\\Documents\\GitHub\\Take-Home-Assessment\\laravel-project\\vendor\\laravel\\framework\\src\\Illuminate\\Pipeline\\Pipeline.php(183): Illuminate\\Http\\Middleware\\TrustProxies->handle(Object(Illuminate\\Http\\Request), Object(Closure))
#39 C:\\Users\\USER\\Documents\\GitHub\\Take-Home-Assessment\\laravel-project\\vendor\\laravel\\framework\\src\\Illuminate\\Pipeline\\Pipeline.php(119): Illuminate\\Pipeline\\Pipeline->{closure:{closure:Illuminate\\Pipeline\\Pipeline::carry():158}:159}(Object(Illuminate\\Http\\Request))
#40 C:\\Users\\USER\\Documents\\GitHub\\Take-Home-Assessment\\laravel-project\\vendor\\laravel\\framework\\src\\Illuminate\\Foundation\\Http\\Kernel.php(175): Illuminate\\Pipeline\\Pipeline->then(Object(Closure))
#41 C:\\Users\\USER\\Documents\\GitHub\\Take-Home-Assessment\\laravel-project\\vendor\\laravel\\framework\\src\\Illuminate\\Foundation\\Http\\Kernel.php(144): Illuminate\\Foundation\\Http\\Kernel->sendRequestThroughRouter(Object(Illuminate\\Http\\Request))
#42 C:\\Users\\USER\\Documents\\GitHub\\Take-Home-Assessment\\laravel-project\\public\\index.php(50): Illuminate\\Foundation\\Http\\Kernel->handle(Object(Illuminate\\Http\\Request))
#43 C:\\Users\\USER\\Documents\\GitHub\\Take-Home-Assessment\\laravel-project\\vendor\\laravel\\framework\\src\\Illuminate\\Foundation\\resources\\server.php(16): require_once('C:\\\\Users\\\\USER\\\\D...')
#44 {main}
"} 
[2025-11-20 13:57:43] laravel.EMERGENCY: Unable to create configured logger. Using emergency logger. {"exception":"[object] (InvalidArgumentException(code: 0): Log [] is not defined. at C:\\Users\\USER\\Documents\\GitHub\\Take-Home-Assessment\\laravel-project\\vendor\\laravel\\framework\\src\\Illuminate\\Log\\LogManager.php:212)
[stacktrace]
#0 C:\\Users\\USER\\Documents\\GitHub\\Take-Home-Assessment\\laravel-project\\vendor\\laravel\\framework\\src\\Illuminate\\Log\\LogManager.php(137): Illuminate\\Log\\LogManager->resolve(NULL, NULL)
#1 C:\\Users\\USER\\Documents\\GitHub\\Take-Home-Assessment\\laravel-project\\vendor\\laravel\\framework\\src\\Illuminate\\Log\\LogManager.php(124): Illuminate\\Log\\LogManager->get(NULL)
#2 C:\\Users\\USER\\Documents\\GitHub\\Take-Home-Assessment\\laravel-project\\vendor\\laravel\\framework\\src\\Illuminate\\Log\\LogManager.php(681): Illuminate\\Log\\LogManager->driver()
#3 C:\\Users\\USER\\Documents\\GitHub\\Take-Home-Assessment\\laravel-project\\vendor\\laravel\\framework\\src\\Illuminate\\Foundation\\Exceptions\\Handler.php(317): Illuminate\\Log\\LogManager->error('Unable to resol...', Array)
#4 C:\\Users\\USER\\Documents\\GitHub\\Take-Home-Assessment\\laravel-project\\vendor\\laravel\\framework\\src\\Illuminate\\Foundation\\Exceptions\\Handler.php(278): Illuminate\\Foundation\\Exceptions\\Handler->reportThrowable(Object(InvalidArgumentException))
#5 C:\\Users\\USER\\Documents\\GitHub\\Take-Home-Assessment\\laravel-project\\vendor\\laravel\\framework\\src\\Illuminate\\Routing\\Pipeline.php(49): Illuminate\\Foundation\\Exceptions\\Handler->report(Object(InvalidArgumentException))
#6 C:\\Users\\USER\\Documents\\GitHub\\Take-Home-Assessment\\laravel-project\\vendor\\laravel\\framework\\src\\Illuminate\\Pipeline\\Pipeline.php(188): Illuminate\\Routing\\Pipeline->handleException(Object(Illuminate\\Http\\Request), Object(InvalidArgumentException))
#7 C:\\Users\\USER\\Documents\\GitHub\\Take-Home-Assessment\\laravel-project\\vendor\\laravel\\framework\\src\\Illuminate\\Foundation\\Http\\Middleware\\TransformsRequest.php(21): Illuminate\\Pipeline\\Pipeline->{closure:{closure:Illuminate\\Pipeline\\Pipeline::carry():158}:159}(Object(Illuminate\\Http\\Request))
#8 C:\\Users\\USER\\Documents\\GitHub\\Take-Home-Assessment\\laravel-project\\vendor\\laravel\\framework\\src\\Illuminate\\Foundation\\Http\\Middleware\\TrimStrings.php(40): Illuminate\\Foundation\\Http\\Middleware\\TransformsRequest->handle(Object(Illuminate\\Http\\Request), Object(Closure))
#9 C:\\Users\\USER\\Documents\\GitHub\\Take-Home-Assessment\\laravel-project\\vendor\\laravel\\framework\\src\\Illuminate\\Pipeline\\Pipeline.php(183): Illuminate\\Foundation\\Http\\Middleware\\TrimStrings->handle(Object(Illuminate\\Http\\Request), Object(Closure))
#10 C:\\Users\\USER\\Documents\\GitHub\\Take-Home-Assessment\\laravel-project\\vendor\\laravel\\framework\\src\\Illuminate\\Foundation\\Http\\Middleware\\ValidatePostSize.php(27): Illuminate\\Pipeline\\Pipeline->{closure:{closure:Illuminate\\Pipeline\\Pipeline::carry():158}:159}(Object(Illuminate\\Http\\Request))
#11 C:\\Users\\USER\\Documents\\GitHub\\Take-Home-Assessment\\laravel-project\\vendor\\laravel\\framework\\src\\Illuminate\\Pipeline\\Pipeline.php(183): Illuminate\\Foundation\\Http\\Middleware\\ValidatePostSize->handle(Object(Illuminate\\Http\\Request), Object(Closure))
#12 C:\\Users\\USER\\Documents\\GitHub\\Take-Home-Assessment\\laravel-project\\vendor\\laravel\\framework\\src\\Illuminate\\Foundation\\Http\\Middleware\\PreventRequestsDuringMaintenance.php(99): Illuminate\\Pipeline\\Pipeline->{closure:{closure:Illuminate\\Pipeline\\Pipeline::carry():158}:159}(Object(Illuminate\\Http\\Request))
#13 C:\\Users\\USER\\Documents\\GitHub\\Take-Home-Assessment\\laravel-project\\vendor\\laravel\\framework\\src\\Illuminate\\Pipeline\\Pipeline.php(183): Illuminate\\Foundation\\Http\\Middleware\\PreventRequestsDuringMaintenance->handle(Object(Illuminate\\Http\\Request), Object(Closure))
#14 C:\\Users\\USER\\Documents\\GitHub\\Take-Home-Assessment\\laravel-project\\vendor\\laravel\\framework\\src\\Illuminate\\Http\\Middleware\\HandleCors.php(49): Illuminate\\Pipeline\\Pipeline->{closure:{closure:Illuminate\\Pipeline\\Pipeline::carry():158}:159}(Object(Illuminate\\Http\\Request))
#15 C:\\Users\\USER\\Documents\\GitHub\\Take-Home-Assessment\\laravel-project\\vendor\\laravel\\framework\\src\\Illuminate\\Pipeline\\Pipeline.php(183): Illuminate\\Http\\Middleware\\HandleCors->handle(Object(Illuminate\\Http\\Request), Object(Closure))
#16 C:\\Users\\USER\\Documents\\GitHub\\Take-Home-Assessment\\laravel-project\\vendor\\laravel\\framework\\src\\Illuminate\\Http\\Middleware\\TrustProxies.php(39): Illuminate\\Pipeline\\Pipeline->{closure:{closure:Illuminate\\Pipeline\\Pipeline::carry():158}:159}(Object(Illuminate\\Http\\Request))
#17 C:\\Users\\USER\\Documents\\GitHub\\Take-Home-Assessment\\laravel-project\\vendor\\laravel\\framework\\src\\Illuminate\\Pipeline\\Pipeline.php(183): Illuminate\\Http\\Middleware\\TrustProxies->handle(Object(Illuminate\\Http\\Request), Object(Closure))
#18 C:\\Users\\USER\\Documents\\GitHub\\Take-Home-Assessment\\laravel-project\\vendor\\laravel\\framework\\src\\Illuminate\\Pipeline\\Pipeline.php(119): Illuminate\\Pipeline\\Pipeline->{closure:{closure:Illuminate\\Pipeline\\Pipeline::carry():158}:159}(Object(Illuminate\\Http\\Request))
#19 C:\\Users\\USER\\Documents\\GitHub\\Take-Home-Assessment\\laravel-project\\vendor\\laravel\\framework\\src\\Illuminate\\Foundation\\Http\\Kernel.php(175): Illuminate\\Pipeline\\Pipeline->then(Object(Closure))
#20 C:\\Users\\USER\\Documents\\GitHub\\Take-Home-Assessment\\laravel-project\\vendor\\laravel\\framework\\src\\Illuminate\\Foundation\\Http\\Kernel.php(144): Illuminate\\Foundation\\Http\\Kernel->sendRequestThroughRouter(Object(Illuminate\\Http\\Request))
#21 C:\\Users\\USER\\Documents\\GitHub\\Take-Home-Assessment\\laravel-project\\public\\index.php(50): Illuminate\\Foundation\\Http\\Kernel->handle(Object(Illuminate\\Http\\Request))
#22 C:\\Users\\USER\\Documents\\GitHub\\Take-Home-Assessment\\laravel-project\\vendor\\laravel\\framework\\src\\Illuminate\\Foundation\\resources\\server.php(16): require_once('C:\\\\Users\\\\USER\\\\D...')
#23 {main}
"} 
[2025-11-20 13:57:43] laravel.ERROR: Unable to resolve NULL driver for [Illuminate\Session\SessionManager]. {"exception":"[object] (InvalidArgumentException(code: 0): Unable to resolve NULL driver for [Illuminate\\Session\\SessionManager]. at C:\\Users\\USER\\Documents\\GitHub\\Take-Home-Assessment\\laravel-project\\vendor\\laravel\\framework\\src\\Illuminate\\Support\\Manager.php:71)
[stacktrace]
#0 C:\\Users\\USER\\Documents\\GitHub\\Take-Home-Assessment\\laravel-project\\vendor\\laravel\\framework\\src\\Illuminate\\Session\\SessionServiceProvider.php(52): Illuminate\\Support\\Manager->driver()
#1 C:\\Users\\USER\\Documents\\GitHub\\Take-Home-Assessment\\laravel-project\\vendor\\laravel\\framework\\src\\Illuminate\\Container\\Container.php(908): Illuminate\\Session\\SessionServiceProvider->{closure:Illuminate\\Session\\SessionServiceProvider::registerSessionDriver():48}(Object(Illuminate\\Foundation\\Application), Array)
#2 C:\\Users\\USER\\Documents\\GitHub\\Take-Home-Assessment\\laravel-project\\vendor\\laravel\\framework\\src\\Illuminate\\Container\\Container.php(795): Illuminate\\Container\\Container->build(Object(Closure))
#3 C:\\Users\\USER\\Documents\\GitHub\\Take-Home-Assessment\\laravel-project\\vendor\\laravel\\framework\\src\\Illuminate\\Foundation\\Application.php(986): Illuminate\\Container\\Container->resolve('session.store', Array, true)
#4 C:\\Users\\USER\\Documents\\GitHub\\Take-Home-Assessment\\laravel-project\\vendor\\laravel\\framework\\src\\Illuminate\\Container\\Container.php(731): Illuminate\\Foundation\\Application->resolve('session.store', Array)
#5 C:\\Users\\USER\\Documents\\GitHub\\Take-Home-Assessment\\laravel-project\\vendor\\laravel\\framework\\src\\Illuminate\\Foundation\\Application.php(971): Illuminate\\Container\\Container->make('session.store', Array)
#6 C:\\Users\\USER\\Documents\\GitHub\\Take-Home-Assessment\\laravel-project\\vendor\\laravel\\framework\\src\\Illuminate\\Container\\Container.php(1454): Illuminate\\Foundation\\Application->make('session.store')
#7 C:\\Users\\USER\\Documents\\GitHub\\Take-Home-Assessment\\laravel-project\\vendor\\laravel\\framework\\src\\Illuminate\\Routing\\RoutingServiceProvider.php(120): Illuminate\\Container\\Container->offsetGet('session.store')
#8 C:\\Users\\USER\\Documents\\GitHub\\Take-Home-Assessment\\laravel-project\\vendor\\laravel\\framework\\src\\Illuminate\\Container\\Container.php(908): Illuminate\\Routing\\RoutingServiceProvider->{closure:Illuminate\\Routing\\RoutingServiceProvider::registerRedirector():113}(Object(Illuminate\\Foundation\\Application), Array)
#9 C:\\Users\\USER\\Documents\\GitHub\\Take-Home-Assessment\\laravel-project\\vendor\\laravel\\framework\\src\\Illuminate\\Container\\Container.php(795): Illuminate\\Container\\Container->build(Object(Closure))
#10 C:\\Users\\USER\\Documents\\GitHub\\Take-Home-Assessment\\laravel-project\\vendor\\laravel\\framework\\src\\Illuminate\\Foundation\\Application.php(986): Illuminate\\Container\\Container->resolve('redirect', Array, true)
#11 C:\\Users\\USER\\Documents\\GitHub\\Take-Home-Assessment\\laravel-project\\vendor\\laravel\\framework\\src\\Illuminate\\Container\\Container.php(731): Illuminate\\Foundation\\Application->resolve('redirect', Array)
#12 C:\\Users\\USER\\Documents\\GitHub\\Take-Home-Assessment\\laravel-project\\vendor\\laravel\\framework\\src\\Illuminate\\Foundation\\Application.php(971): Illuminate\\Container\\Container->make('redirect', Array)
#13 C:\\Users\\USER\\Documents\\GitHub\\Take-Home-Assessment\\laravel-project\\vendor\\laravel\\framework\\src\\Illuminate\\Container\\Container.php(1454): Illuminate\\Foundation\\Application->make('redirect')
#14 C:\\Users\\USER\\Documents\\GitHub\\Take-Home-Assessment\\laravel-project\\vendor\\laravel\\framework\\src\\Illuminate\\Routing\\RoutingServiceProvider.php(182): Illuminate\\Container\\Container->offsetGet('redirect')
#15 C:\\Users\\USER\\Documents\\GitHub\\Take-Home-Assessment\\laravel-project\\vendor\\laravel\\framework\\src\\Illuminate\\Container\\Container.php(908): Illuminate\\Routing\\RoutingServiceProvider->{closure:Illuminate\\Routing\\RoutingServiceProvider::registerResponseFactory():181}(Object(Illuminate\\Foundation\\Application), Array)
#16 C:\\Users\\USER\\Documents\\GitHub\\Take-Home-Assessment\\laravel-project\\vendor\\laravel\\framework\\src\\Illuminate\\Container\\Container.php(795): Illuminate\\Container\\Container->build(Object(Closure))
#17 C:\\Users\\USER\\Documents\\GitHub\\Take-Home-Assessment\\laravel-project\\vendor\\laravel\\framework\\src\\Illuminate\\Foundation\\Application.php(986): Illuminate\\Container\\Container->resolve('Illuminate\\\\Cont...', Array, true)
#18 C:\\Users\\USER\\Documents\\GitHub\\Take-Home-Assessment\\laravel-project\\vendor\\laravel\\framework\\src\\Illuminate\\Container\\Container.php(731): Illuminate\\Foundation\\Application->resolve('Illuminate\\\\Cont...', Array)
#19 C:\\Users\\USER\\Documents\\GitHub\\Take-Home-Assessment\\laravel-project\\vendor\\laravel\\framework\\src\\Illuminate\\Foundation\\Application.php(971): Illuminate\\Container\\Container->make('Illuminate\\\\Cont...', Array)
#20 C:\\Users\\USER\\Documents\\GitHub\\Take-Home-Assessment\\laravel-project\\vendor\\laravel\\framework\\src\\Illuminate\\Foundation\\helpers.php(120): Illuminate\\Foundation\\Application->make('Illuminate\\\\Cont...', Array)
#21 C:\\Users\\USER\\Documents\\GitHub\\Take-Home-Assessment\\laravel-project\\vendor\\laravel\\framework\\src\\Illuminate\\Foundation\\helpers.php(790): app('Illuminate\\\\Cont...')
#22 C:\\Users\\USER\\Documents\\GitHub\\Take-Home-Assessment\\laravel-project\\vendor\\laravel\\framework\\src\\Illuminate\\Foundation\\Exceptions\\Handler.php(723): response()
#23 C:\\Users\\USER\\Documents\\GitHub\\Take-Home-Assessment\\laravel-project\\vendor\\laravel\\framework\\src\\Illuminate\\Foundation\\Exceptions\\Handler.php(650): Illuminate\\Foundation\\Exceptions\\Handler->renderHttpException(Object(Symfony\\Component\\HttpKernel\\Exception\\NotFoundHttpException))
#24 C:\\Users\\USER\\Documents\\GitHub\\Take-Home-Assessment\\laravel-project\\vendor\\laravel\\framework\\src\\Illuminate\\Foundation\\Exceptions\\Handler.php(556): Illuminate\\Foundation\\Exceptions\\Handler->prepareResponse(Object(Illuminate\\Http\\Request), Object(Symfony\\Component\\HttpKernel\\Exception\\NotFoundHttpException))
#25 C:\\Users\\USER\\Documents\\GitHub\\Take-Home-Assessment\\laravel-project\\vendor\\laravel\\framework\\src\\Illuminate\\Foundation\\Exceptions\\Handler.php(473): Illuminate\\Foundation\\Exceptions\\Handler->renderExceptionResponse(Object(Illuminate\\Http\\Request), Object(Symfony\\Component\\HttpKernel\\Exception\\NotFoundHttpException))
#26 C:\\Users\\USER\\Documents\\GitHub\\Take-Home-Assessment\\laravel-project\\vendor\\laravel\\framework\\src\\Illuminate\\Routing\\Pipeline.php(51): Illuminate\\Foundation\\Exceptions\\Handler->render(Object(Illuminate\\Http\\Request), Object(Symfony\\Component\\HttpKernel\\Exception\\NotFoundHttpException))
#27 C:\\Users\\USER\\Documents\\GitHub\\Take-Home-Assessment\\laravel-project\\vendor\\laravel\\framework\\src\\Illuminate\\Pipeline\\Pipeline.php(146): Illuminate\\Routing\\Pipeline->handleException(Object(Illuminate\\Http\\Request), Object(Symfony\\Component\\HttpKernel\\Exception\\NotFoundHttpException))
#28 C:\\Users\\USER\\Documents\\GitHub\\Take-Home-Assessment\\laravel-project\\vendor\\laravel\\framework\\src\\Illuminate\\Foundation\\Http\\Middleware\\TransformsRequest.php(21): Illuminate\\Pipeline\\Pipeline->{closure:Illuminate\\Pipeline\\Pipeline::prepareDestination():142}(Object(Illuminate\\Http\\Request))
#29 C:\\Users\\USER\\Documents\\GitHub\\Take-Home-Assessment\\laravel-project\\vendor\\laravel\\framework\\src\\Illuminate\\Foundation\\Http\\Middleware\\ConvertEmptyStringsToNull.php(31): Illuminate\\Foundation\\Http\\Middleware\\TransformsRequest->handle(Object(Illuminate\\Http\\Request), Object(Closure))
#30 C:\\Users\\USER\\Documents\\GitHub\\Take-Home-Assessment\\laravel-project\\vendor\\laravel\\framework\\src\\Illuminate\\Pipeline\\Pipeline.php(183): Illuminate\\Foundation\\Http\\Middleware\\ConvertEmptyStringsToNull->handle(Object(Illuminate\\Http\\Request), Object(Closure))
#31 C:\\Users\\USER\\Documents\\GitHub\\Take-Home-Assessment\\laravel-project\\vendor\\laravel\\framework\\src\\Illuminate\\Foundation\\Http\\Middleware\\TransformsRequest.php(21): Illuminate\\Pipeline\\Pipeline->{closure:{closure:Illuminate\\Pipeline\\Pipeline::carry():158}:159}(Object(Illuminate\\Http\\Request))
#32 C:\\Users\\USER\\Documents\\GitHub\\Take-Home-Assessment\\laravel-project\\vendor\\laravel\\framework\\src\\Illuminate\\Foundation\\Http\\Middleware\\TrimStrings.php(40): Illuminate\\Foundation\\Http\\Middleware\\TransformsRequest->handle(Object(Illuminate\\Http\\Request), Object(Closure))
#33 C:\\Users\\USER\\Documents\\GitHub\\Take-Home-Assessment\\laravel-project\\vendor\\laravel\\framework\\src\\Illuminate\\Pipeline\\Pipeline.php(183): Illuminate\\Foundation\\Http\\Middleware\\TrimStrings->handle(Object(Illuminate\\Http\\Request), Object(Closure))
#34 C:\\Users\\USER\\Documents\\GitHub\\Take-Home-Assessment\\laravel-project\\vendor\\laravel\\framework\\src\\Illuminate\\Foundation\\Http\\Middleware\\ValidatePostSize.php(27): Illuminate\\Pipeline\\Pipeline->{closure:{closure:Illuminate\\Pipeline\\Pipeline::carry():158}:159}(Object(Illuminate\\Http\\Request))
#35 C:\\Users\\USER\\Documents\\GitHub\\Take-Home-Assessment\\laravel-project\\vendor\\laravel\\framework\\src\\Illuminate\\Pipeline\\Pipeline.php(183): Illuminate\\Foundation\\Http\\Middleware\\ValidatePostSize->handle(Object(Illuminate\\Http\\Request), Object(Closure))
#36 C:\\Users\\USER\\Documents\\GitHub\\Take-Home-Assessment\\laravel-project\\vendor\\laravel\\framework\\src\\Illuminate\\Foundation\\Http\\Middleware\\PreventRequestsDuringMaintenance.php(99): Illuminate\\Pipeline\\Pipeline->{closure:{closure:Illuminate\\Pipeline\\Pipeline::carry():158}:159}(Object(Illuminate\\Http\\Request))
#37 C:\\Users\\USER\\Documents\\GitHub\\Take-Home-Assessment\\laravel-project\\vendor\\laravel\\framework\\src\\Illuminate\\Pipeline\\Pipeline.php(183): Illuminate\\Foundation\\Http\\Middleware\\PreventRequestsDuringMaintenance->handle(Object(Illuminate\\Http\\Request), Object(Closure))
#38 C:\\Users\\USER\\Documents\\GitHub\\Take-Home-Assessment\\laravel-project\\vendor\\laravel\\framework\\src\\Illuminate\\Http\\Middleware\\HandleCors.php(49): Illuminate\\Pipeline\\Pipeline->{closure:{closure:Illuminate\\Pipeline\\Pipeline::carry():158}:159}(Object(Illuminate\\Http\\Request))
#39 C:\\Users\\USER\\Documents\\GitHub\\Take-Home-Assessment\\laravel-project\\vendor\\laravel\\framework\\src\\Illuminate\\Pipeline\\Pipeline.php(183): Illuminate\\Http\\Middleware\\HandleCors->handle(Object(Illuminate\\Http\\Request), Object(Closure))
#40 C:\\Users\\USER\\Documents\\GitHub\\Take-Home-Assessment\\laravel-project\\vendor\\laravel\\framework\\src\\Illuminate\\Http\\Middleware\\TrustProxies.php(39): Illuminate\\Pipeline\\Pipeline->{closure:{closure:Illuminate\\Pipeline\\Pipeline::carry():158}:159}(Object(Illuminate\\Http\\Request))
#41 C:\\Users\\USER\\Documents\\GitHub\\Take-Home-Assessment\\laravel-project\\vendor\\laravel\\framework\\src\\Illuminate\\Pipeline\\Pipeline.php(183): Illuminate\\Http\\Middleware\\TrustProxies->handle(Object(Illuminate\\Http\\Request), Object(Closure))
#42 C:\\Users\\USER\\Documents\\GitHub\\Take-Home-Assessment\\laravel-project\\vendor\\laravel\\framework\\src\\Illuminate\\Pipeline\\Pipeline.php(119): Illuminate\\Pipeline\\Pipeline->{closure:{closure:Illuminate\\Pipeline\\Pipeline::carry():158}:159}(Object(Illuminate\\Http\\Request))
#43 C:\\Users\\USER\\Documents\\GitHub\\Take-Home-Assessment\\laravel-project\\vendor\\laravel\\framework\\src\\Illuminate\\Foundation\\Http\\Kernel.php(175): Illuminate\\Pipeline\\Pipeline->then(Object(Closure))
#44 C:\\Users\\USER\\Documents\\GitHub\\Take-Home-Assessment\\laravel-project\\vendor\\laravel\\framework\\src\\Illuminate\\Foundation\\Http\\Kernel.php(144): Illuminate\\Foundation\\Http\\Kernel->sendRequestThroughRouter(Object(Illuminate\\Http\\Request))
#45 C:\\Users\\USER\\Documents\\GitHub\\Take-Home-Assessment\\laravel-project\\public\\index.php(50): Illuminate\\Foundation\\Http\\Kernel->handle(Object(Illuminate\\Http\\Request))
#46 C:\\Users\\USER\\Documents\\GitHub\\Take-Home-Assessment\\laravel-project\\vendor\\laravel\\framework\\src\\Illuminate\\Foundation\\resources\\server.php(16): require_once('C:\\\\Users\\\\USER\\\\D...')
#47 {main}
"} 
[2025-11-20 13:59:14] laravel.EMERGENCY: Unable to create configured logger. Using emergency logger. {"exception":"[object] (InvalidArgumentException(code: 0): Log [] is not defined. at C:\\Users\\USER\\Documents\\GitHub\\Take-Home-Assessment\\laravel-project\\vendor\\laravel\\framework\\src\\Illuminate\\Log\\LogManager.php:212)
[stacktrace]
#0 C:\\Users\\USER\\Documents\\GitHub\\Take-Home-Assessment\\laravel-project\\vendor\\laravel\\framework\\src\\Illuminate\\Log\\LogManager.php(137): Illuminate\\Log\\LogManager->resolve(NULL, NULL)
#1 C:\\Users\\USER\\Documents\\GitHub\\Take-Home-Assessment\\laravel-project\\vendor\\laravel\\framework\\src\\Illuminate\\Log\\LogManager.php(124): Illuminate\\Log\\LogManager->get(NULL)
#2 C:\\Users\\USER\\Documents\\GitHub\\Take-Home-Assessment\\laravel-project\\vendor\\laravel\\framework\\src\\Illuminate\\Log\\LogManager.php(681): Illuminate\\Log\\LogManager->driver()
#3 C:\\Users\\USER\\Documents\\GitHub\\Take-Home-Assessment\\laravel-project\\vendor\\laravel\\framework\\src\\Illuminate\\Foundation\\Exceptions\\Handler.php(317): Illuminate\\Log\\LogManager->error('Unable to resol...', Array)
#4 C:\\Users\\USER\\Documents\\GitHub\\Take-Home-Assessment\\laravel-project\\vendor\\laravel\\framework\\src\\Illuminate\\Foundation\\Exceptions\\Handler.php(278): Illuminate\\Foundation\\Exceptions\\Handler->reportThrowable(Object(InvalidArgumentException))
#5 C:\\Users\\USER\\Documents\\GitHub\\Take-Home-Assessment\\laravel-project\\vendor\\laravel\\framework\\src\\Illuminate\\Routing\\Pipeline.php(49): Illuminate\\Foundation\\Exceptions\\Handler->report(Object(InvalidArgumentException))
#6 C:\\Users\\USER\\Documents\\GitHub\\Take-Home-Assessment\\laravel-project\\vendor\\laravel\\framework\\src\\Illuminate\\Pipeline\\Pipeline.php(188): Illuminate\\Routing\\Pipeline->handleException(Object(Illuminate\\Http\\Request), Object(InvalidArgumentException))
#7 C:\\Users\\USER\\Documents\\GitHub\\Take-Home-Assessment\\laravel-project\\vendor\\laravel\\framework\\src\\Illuminate\\Foundation\\Http\\Middleware\\TransformsRequest.php(21): Illuminate\\Pipeline\\Pipeline->{closure:{closure:Illuminate\\Pipeline\\Pipeline::carry():158}:159}(Object(Illuminate\\Http\\Request))
#8 C:\\Users\\USER\\Documents\\GitHub\\Take-Home-Assessment\\laravel-project\\vendor\\laravel\\framework\\src\\Illuminate\\Foundation\\Http\\Middleware\\TrimStrings.php(40): Illuminate\\Foundation\\Http\\Middleware\\TransformsRequest->handle(Object(Illuminate\\Http\\Request), Object(Closure))
#9 C:\\Users\\USER\\Documents\\GitHub\\Take-Home-Assessment\\laravel-project\\vendor\\laravel\\framework\\src\\Illuminate\\Pipeline\\Pipeline.php(183): Illuminate\\Foundation\\Http\\Middleware\\TrimStrings->handle(Object(Illuminate\\Http\\Request), Object(Closure))
#10 C:\\Users\\USER\\Documents\\GitHub\\Take-Home-Assessment\\laravel-project\\vendor\\laravel\\framework\\src\\Illuminate\\Foundation\\Http\\Middleware\\ValidatePostSize.php(27): Illuminate\\Pipeline\\Pipeline->{closure:{closure:Illuminate\\Pipeline\\Pipeline::carry():158}:159}(Object(Illuminate\\Http\\Request))
#11 C:\\Users\\USER\\Documents\\GitHub\\Take-Home-Assessment\\laravel-project\\vendor\\laravel\\framework\\src\\Illuminate\\Pipeline\\Pipeline.php(183): Illuminate\\Foundation\\Http\\Middleware\\ValidatePostSize->handle(Object(Illuminate\\Http\\Request), Object(Closure))
#12 C:\\Users\\USER\\Documents\\GitHub\\Take-Home-Assessment\\laravel-project\\vendor\\laravel\\framework\\src\\Illuminate\\Foundation\\Http\\Middleware\\PreventRequestsDuringMaintenance.php(99): Illuminate\\Pipeline\\Pipeline->{closure:{closure:Illuminate\\Pipeline\\Pipeline::carry():158}:159}(Object(Illuminate\\Http\\Request))
#13 C:\\Users\\USER\\Documents\\GitHub\\Take-Home-Assessment\\laravel-project\\vendor\\laravel\\framework\\src\\Illuminate\\Pipeline\\Pipeline.php(183): Illuminate\\Foundation\\Http\\Middleware\\PreventRequestsDuringMaintenance->handle(Object(Illuminate\\Http\\Request), Object(Closure))
#14 C:\\Users\\USER\\Documents\\GitHub\\Take-Home-Assessment\\laravel-project\\vendor\\laravel\\framework\\src\\Illuminate\\Http\\Middleware\\HandleCors.php(49): Illuminate\\Pipeline\\Pipeline->{closure:{closure:Illuminate\\Pipeline\\Pipeline::carry():158}:159}(Object(Illuminate\\Http\\Request))
#15 C:\\Users\\USER\\Documents\\GitHub\\Take-Home-Assessment\\laravel-project\\vendor\\laravel\\framework\\src\\Illuminate\\Pipeline\\Pipeline.php(183): Illuminate\\Http\\Middleware\\HandleCors->handle(Object(Illuminate\\Http\\Request), Object(Closure))
#16 C:\\Users\\USER\\Documents\\GitHub\\Take-Home-Assessment\\laravel-project\\vendor\\laravel\\framework\\src\\Illuminate\\Http\\Middleware\\TrustProxies.php(39): Illuminate\\Pipeline\\Pipeline->{closure:{closure:Illuminate\\Pipeline\\Pipeline::carry():158}:159}(Object(Illuminate\\Http\\Request))
#17 C:\\Users\\USER\\Documents\\GitHub\\Take-Home-Assessment\\laravel-project\\vendor\\laravel\\framework\\src\\Illuminate\\Pipeline\\Pipeline.php(183): Illuminate\\Http\\Middleware\\TrustProxies->handle(Object(Illuminate\\Http\\Request), Object(Closure))
#18 C:\\Users\\USER\\Documents\\GitHub\\Take-Home-Assessment\\laravel-project\\vendor\\laravel\\framework\\src\\Illuminate\\Pipeline\\Pipeline.php(119): Illuminate\\Pipeline\\Pipeline->{closure:{closure:Illuminate\\Pipeline\\Pipeline::carry():158}:159}(Object(Illuminate\\Http\\Request))
#19 C:\\Users\\USER\\Documents\\GitHub\\Take-Home-Assessment\\laravel-project\\vendor\\laravel\\framework\\src\\Illuminate\\Foundation\\Http\\Kernel.php(175): Illuminate\\Pipeline\\Pipeline->then(Object(Closure))
#20 C:\\Users\\USER\\Documents\\GitHub\\Take-Home-Assessment\\laravel-project\\vendor\\laravel\\framework\\src\\Illuminate\\Foundation\\Http\\Kernel.php(144): Illuminate\\Foundation\\Http\\Kernel->sendRequestThroughRouter(Object(Illuminate\\Http\\Request))
#21 C:\\Users\\USER\\Documents\\GitHub\\Take-Home-Assessment\\laravel-project\\public\\index.php(50): Illuminate\\Foundation\\Http\\Kernel->handle(Object(Illuminate\\Http\\Request))
#22 C:\\Users\\USER\\Documents\\GitHub\\Take-Home-Assessment\\laravel-project\\vendor\\laravel\\framework\\src\\Illuminate\\Foundation\\resources\\server.php(16): require_once('C:\\\\Users\\\\USER\\\\D...')
#23 {main}
"} 
[2025-11-20 13:59:14] laravel.ERROR: Unable to resolve NULL driver for [Illuminate\Session\SessionManager]. {"exception":"[object] (InvalidArgumentException(code: 0): Unable to resolve NULL driver for [Illuminate\\Session\\SessionManager]. at C:\\Users\\USER\\Documents\\GitHub\\Take-Home-Assessment\\laravel-project\\vendor\\laravel\\framework\\src\\Illuminate\\Support\\Manager.php:71)
[stacktrace]
#0 C:\\Users\\USER\\Documents\\GitHub\\Take-Home-Assessment\\laravel-project\\vendor\\laravel\\framework\\src\\Illuminate\\Session\\SessionServiceProvider.php(52): Illuminate\\Support\\Manager->driver()
#1 C:\\Users\\USER\\Documents\\GitHub\\Take-Home-Assessment\\laravel-project\\vendor\\laravel\\framework\\src\\Illuminate\\Container\\Container.php(908): Illuminate\\Session\\SessionServiceProvider->{closure:Illuminate\\Session\\SessionServiceProvider::registerSessionDriver():48}(Object(Illuminate\\Foundation\\Application), Array)
#2 C:\\Users\\USER\\Documents\\GitHub\\Take-Home-Assessment\\laravel-project\\vendor\\laravel\\framework\\src\\Illuminate\\Container\\Container.php(795): Illuminate\\Container\\Container->build(Object(Closure))
#3 C:\\Users\\USER\\Documents\\GitHub\\Take-Home-Assessment\\laravel-project\\vendor\\laravel\\framework\\src\\Illuminate\\Foundation\\Application.php(986): Illuminate\\Container\\Container->resolve('session.store', Array, true)
#4 C:\\Users\\USER\\Documents\\GitHub\\Take-Home-Assessment\\laravel-project\\vendor\\laravel\\framework\\src\\Illuminate\\Container\\Container.php(731): Illuminate\\Foundation\\Application->resolve('session.store', Array)
#5 C:\\Users\\USER\\Documents\\GitHub\\Take-Home-Assessment\\laravel-project\\vendor\\laravel\\framework\\src\\Illuminate\\Foundation\\Application.php(971): Illuminate\\Container\\Container->make('session.store', Array)
#6 C:\\Users\\USER\\Documents\\GitHub\\Take-Home-Assessment\\laravel-project\\vendor\\laravel\\framework\\src\\Illuminate\\Container\\Container.php(1454): Illuminate\\Foundation\\Application->make('session.store')
#7 C:\\Users\\USER\\Documents\\GitHub\\Take-Home-Assessment\\laravel-project\\vendor\\laravel\\framework\\src\\Illuminate\\Routing\\RoutingServiceProvider.php(120): Illuminate\\Container\\Container->offsetGet('session.store')
#8 C:\\Users\\USER\\Documents\\GitHub\\Take-Home-Assessment\\laravel-project\\vendor\\laravel\\framework\\src\\Illuminate\\Container\\Container.php(908): Illuminate\\Routing\\RoutingServiceProvider->{closure:Illuminate\\Routing\\RoutingServiceProvider::registerRedirector():113}(Object(Illuminate\\Foundation\\Application), Array)
#9 C:\\Users\\USER\\Documents\\GitHub\\Take-Home-Assessment\\laravel-project\\vendor\\laravel\\framework\\src\\Illuminate\\Container\\Container.php(795): Illuminate\\Container\\Container->build(Object(Closure))
#10 C:\\Users\\USER\\Documents\\GitHub\\Take-Home-Assessment\\laravel-project\\vendor\\laravel\\framework\\src\\Illuminate\\Foundation\\Application.php(986): Illuminate\\Container\\Container->resolve('redirect', Array, true)
#11 C:\\Users\\USER\\Documents\\GitHub\\Take-Home-Assessment\\laravel-project\\vendor\\laravel\\framework\\src\\Illuminate\\Container\\Container.php(731): Illuminate\\Foundation\\Application->resolve('redirect', Array)
#12 C:\\Users\\USER\\Documents\\GitHub\\Take-Home-Assessment\\laravel-project\\vendor\\laravel\\framework\\src\\Illuminate\\Foundation\\Application.php(971): Illuminate\\Container\\Container->make('redirect', Array)
#13 C:\\Users\\USER\\Documents\\GitHub\\Take-Home-Assessment\\laravel-project\\vendor\\laravel\\framework\\src\\Illuminate\\Container\\Container.php(1454): Illuminate\\Foundation\\Application->make('redirect')
#14 C:\\Users\\USER\\Documents\\GitHub\\Take-Home-Assessment\\laravel-project\\vendor\\laravel\\framework\\src\\Illuminate\\Routing\\RoutingServiceProvider.php(182): Illuminate\\Container\\Container->offsetGet('redirect')
#15 C:\\Users\\USER\\Documents\\GitHub\\Take-Home-Assessment\\laravel-project\\vendor\\laravel\\framework\\src\\Illuminate\\Container\\Container.php(908): Illuminate\\Routing\\RoutingServiceProvider->{closure:Illuminate\\Routing\\RoutingServiceProvider::registerResponseFactory():181}(Object(Illuminate\\Foundation\\Application), Array)
#16 C:\\Users\\USER\\Documents\\GitHub\\Take-Home-Assessment\\laravel-project\\vendor\\laravel\\framework\\src\\Illuminate\\Container\\Container.php(795): Illuminate\\Container\\Container->build(Object(Closure))
#17 C:\\Users\\USER\\Documents\\GitHub\\Take-Home-Assessment\\laravel-project\\vendor\\laravel\\framework\\src\\Illuminate\\Foundation\\Application.php(986): Illuminate\\Container\\Container->resolve('Illuminate\\\\Cont...', Array, true)
#18 C:\\Users\\USER\\Documents\\GitHub\\Take-Home-Assessment\\laravel-project\\vendor\\laravel\\framework\\src\\Illuminate\\Container\\Container.php(731): Illuminate\\Foundation\\Application->resolve('Illuminate\\\\Cont...', Array)
#19 C:\\Users\\USER\\Documents\\GitHub\\Take-Home-Assessment\\laravel-project\\vendor\\laravel\\framework\\src\\Illuminate\\Foundation\\Application.php(971): Illuminate\\Container\\Container->make('Illuminate\\\\Cont...', Array)
#20 C:\\Users\\USER\\Documents\\GitHub\\Take-Home-Assessment\\laravel-project\\vendor\\laravel\\framework\\src\\Illuminate\\Foundation\\helpers.php(120): Illuminate\\Foundation\\Application->make('Illuminate\\\\Cont...', Array)
#21 C:\\Users\\USER\\Documents\\GitHub\\Take-Home-Assessment\\laravel-project\\vendor\\laravel\\framework\\src\\Illuminate\\Foundation\\helpers.php(790): app('Illuminate\\\\Cont...')
#22 C:\\Users\\USER\\Documents\\GitHub\\Take-Home-Assessment\\laravel-project\\vendor\\laravel\\framework\\src\\Illuminate\\Foundation\\Exceptions\\Handler.php(723): response()
#23 C:\\Users\\USER\\Documents\\GitHub\\Take-Home-Assessment\\laravel-project\\vendor\\laravel\\framework\\src\\Illuminate\\Foundation\\Exceptions\\Handler.php(650): Illuminate\\Foundation\\Exceptions\\Handler->renderHttpException(Object(Symfony\\Component\\HttpKernel\\Exception\\NotFoundHttpException))
#24 C:\\Users\\USER\\Documents\\GitHub\\Take-Home-Assessment\\laravel-project\\vendor\\laravel\\framework\\src\\Illuminate\\Foundation\\Exceptions\\Handler.php(556): Illuminate\\Foundation\\Exceptions\\Handler->prepareResponse(Object(Illuminate\\Http\\Request), Object(Symfony\\Component\\HttpKernel\\Exception\\NotFoundHttpException))
#25 C:\\Users\\USER\\Documents\\GitHub\\Take-Home-Assessment\\laravel-project\\vendor\\laravel\\framework\\src\\Illuminate\\Foundation\\Exceptions\\Handler.php(473): Illuminate\\Foundation\\Exceptions\\Handler->renderExceptionResponse(Object(Illuminate\\Http\\Request), Object(Symfony\\Component\\HttpKernel\\Exception\\NotFoundHttpException))
#26 C:\\Users\\USER\\Documents\\GitHub\\Take-Home-Assessment\\laravel-project\\vendor\\laravel\\framework\\src\\Illuminate\\Routing\\Pipeline.php(51): Illuminate\\Foundation\\Exceptions\\Handler->render(Object(Illuminate\\Http\\Request), Object(Symfony\\Component\\HttpKernel\\Exception\\NotFoundHttpException))
#27 C:\\Users\\USER\\Documents\\GitHub\\Take-Home-Assessment\\laravel-project\\vendor\\laravel\\framework\\src\\Illuminate\\Pipeline\\Pipeline.php(146): Illuminate\\Routing\\Pipeline->handleException(Object(Illuminate\\Http\\Request), Object(Symfony\\Component\\HttpKernel\\Exception\\NotFoundHttpException))
#28 C:\\Users\\USER\\Documents\\GitHub\\Take-Home-Assessment\\laravel-project\\vendor\\laravel\\framework\\src\\Illuminate\\Foundation\\Http\\Middleware\\TransformsRequest.php(21): Illuminate\\Pipeline\\Pipeline->{closure:Illuminate\\Pipeline\\Pipeline::prepareDestination():142}(Object(Illuminate\\Http\\Request))
#29 C:\\Users\\USER\\Documents\\GitHub\\Take-Home-Assessment\\laravel-project\\vendor\\laravel\\framework\\src\\Illuminate\\Foundation\\Http\\Middleware\\ConvertEmptyStringsToNull.php(31): Illuminate\\Foundation\\Http\\Middleware\\TransformsRequest->handle(Object(Illuminate\\Http\\Request), Object(Closure))
#30 C:\\Users\\USER\\Documents\\GitHub\\Take-Home-Assessment\\laravel-project\\vendor\\laravel\\framework\\src\\Illuminate\\Pipeline\\Pipeline.php(183): Illuminate\\Foundation\\Http\\Middleware\\ConvertEmptyStringsToNull->handle(Object(Illuminate\\Http\\Request), Object(Closure))
#31 C:\\Users\\USER\\Documents\\GitHub\\Take-Home-Assessment\\laravel-project\\vendor\\laravel\\framework\\src\\Illuminate\\Foundation\\Http\\Middleware\\TransformsRequest.php(21): Illuminate\\Pipeline\\Pipeline->{closure:{closure:Illuminate\\Pipeline\\Pipeline::carry():158}:159}(Object(Illuminate\\Http\\Request))
#32 C:\\Users\\USER\\Documents\\GitHub\\Take-Home-Assessment\\laravel-project\\vendor\\laravel\\framework\\src\\Illuminate\\Foundation\\Http\\Middleware\\TrimStrings.php(40): Illuminate\\Foundation\\Http\\Middleware\\TransformsRequest->handle(Object(Illuminate\\Http\\Request), Object(Closure))
#33 C:\\Users\\USER\\Documents\\GitHub\\Take-Home-Assessment\\laravel-project\\vendor\\laravel\\framework\\src\\Illuminate\\Pipeline\\Pipeline.php(183): Illuminate\\Foundation\\Http\\Middleware\\TrimStrings->handle(Object(Illuminate\\Http\\Request), Object(Closure))
#34 C:\\Users\\USER\\Documents\\GitHub\\Take-Home-Assessment\\laravel-project\\vendor\\laravel\\framework\\src\\Illuminate\\Foundation\\Http\\Middleware\\ValidatePostSize.php(27): Illuminate\\Pipeline\\Pipeline->{closure:{closure:Illuminate\\Pipeline\\Pipeline::carry():158}:159}(Object(Illuminate\\Http\\Request))
#35 C:\\Users\\USER\\Documents\\GitHub\\Take-Home-Assessment\\laravel-project\\vendor\\laravel\\framework\\src\\Illuminate\\Pipeline\\Pipeline.php(183): Illuminate\\Foundation\\Http\\Middleware\\ValidatePostSize->handle(Object(Illuminate\\Http\\Request), Object(Closure))
#36 C:\\Users\\USER\\Documents\\GitHub\\Take-Home-Assessment\\laravel-project\\vendor\\laravel\\framework\\src\\Illuminate\\Foundation\\Http\\Middleware\\PreventRequestsDuringMaintenance.php(99): Illuminate\\Pipeline\\Pipeline->{closure:{closure:Illuminate\\Pipeline\\Pipeline::carry():158}:159}(Object(Illuminate\\Http\\Request))
#37 C:\\Users\\USER\\Documents\\GitHub\\Take-Home-Assessment\\laravel-project\\vendor\\laravel\\framework\\src\\Illuminate\\Pipeline\\Pipeline.php(183): Illuminate\\Foundation\\Http\\Middleware\\PreventRequestsDuringMaintenance->handle(Object(Illuminate\\Http\\Request), Object(Closure))
#38 C:\\Users\\USER\\Documents\\GitHub\\Take-Home-Assessment\\laravel-project\\vendor\\laravel\\framework\\src\\Illuminate\\Http\\Middleware\\HandleCors.php(49): Illuminate\\Pipeline\\Pipeline->{closure:{closure:Illuminate\\Pipeline\\Pipeline::carry():158}:159}(Object(Illuminate\\Http\\Request))
#39 C:\\Users\\USER\\Documents\\GitHub\\Take-Home-Assessment\\laravel-project\\vendor\\laravel\\framework\\src\\Illuminate\\Pipeline\\Pipeline.php(183): Illuminate\\Http\\Middleware\\HandleCors->handle(Object(Illuminate\\Http\\Request), Object(Closure))
#40 C:\\Users\\USER\\Documents\\GitHub\\Take-Home-Assessment\\laravel-project\\vendor\\laravel\\framework\\src\\Illuminate\\Http\\Middleware\\TrustProxies.php(39): Illuminate\\Pipeline\\Pipeline->{closure:{closure:Illuminate\\Pipeline\\Pipeline::carry():158}:159}(Object(Illuminate\\Http\\Request))
#41 C:\\Users\\USER\\Documents\\GitHub\\Take-Home-Assessment\\laravel-project\\vendor\\laravel\\framework\\src\\Illuminate\\Pipeline\\Pipeline.php(183): Illuminate\\Http\\Middleware\\TrustProxies->handle(Object(Illuminate\\Http\\Request), Object(Closure))
#42 C:\\Users\\USER\\Documents\\GitHub\\Take-Home-Assessment\\laravel-project\\vendor\\laravel\\framework\\src\\Illuminate\\Pipeline\\Pipeline.php(119): Illuminate\\Pipeline\\Pipeline->{closure:{closure:Illuminate\\Pipeline\\Pipeline::carry():158}:159}(Object(Illuminate\\Http\\Request))
#43 C:\\Users\\USER\\Documents\\GitHub\\Take-Home-Assessment\\laravel-project\\vendor\\laravel\\framework\\src\\Illuminate\\Foundation\\Http\\Kernel.php(175): Illuminate\\Pipeline\\Pipeline->then(Object(Closure))
#44 C:\\Users\\USER\\Documents\\GitHub\\Take-Home-Assessment\\laravel-project\\vendor\\laravel\\framework\\src\\Illuminate\\Foundation\\Http\\Kernel.php(144): Illuminate\\Foundation\\Http\\Kernel->sendRequestThroughRouter(Object(Illuminate\\Http\\Request))
#45 C:\\Users\\USER\\Documents\\GitHub\\Take-Home-Assessment\\laravel-project\\public\\index.php(50): Illuminate\\Foundation\\Http\\Kernel->handle(Object(Illuminate\\Http\\Request))
#46 C:\\Users\\USER\\Documents\\GitHub\\Take-Home-Assessment\\laravel-project\\vendor\\laravel\\framework\\src\\Illuminate\\Foundation\\resources\\server.php(16): require_once('C:\\\\Users\\\\USER\\\\D...')
#47 {main}
"} 
[2025-11-20 13:59:17] laravel.EMERGENCY: Unable to create configured logger. Using emergency logger. {"exception":"[object] (InvalidArgumentException(code: 0): Log [] is not defined. at C:\\Users\\USER\\Documents\\GitHub\\Take-Home-Assessment\\laravel-project\\vendor\\laravel\\framework\\src\\Illuminate\\Log\\LogManager.php:212)
[stacktrace]
#0 C:\\Users\\USER\\Documents\\GitHub\\Take-Home-Assessment\\laravel-project\\vendor\\laravel\\framework\\src\\Illuminate\\Log\\LogManager.php(137): Illuminate\\Log\\LogManager->resolve(NULL, NULL)
#1 C:\\Users\\USER\\Documents\\GitHub\\Take-Home-Assessment\\laravel-project\\vendor\\laravel\\framework\\src\\Illuminate\\Log\\LogManager.php(124): Illuminate\\Log\\LogManager->get(NULL)
#2 C:\\Users\\USER\\Documents\\GitHub\\Take-Home-Assessment\\laravel-project\\vendor\\laravel\\framework\\src\\Illuminate\\Log\\LogManager.php(681): Illuminate\\Log\\LogManager->driver()
#3 C:\\Users\\USER\\Documents\\GitHub\\Take-Home-Assessment\\laravel-project\\vendor\\laravel\\framework\\src\\Illuminate\\Foundation\\Exceptions\\Handler.php(317): Illuminate\\Log\\LogManager->error('Unable to resol...', Array)
#4 C:\\Users\\USER\\Documents\\GitHub\\Take-Home-Assessment\\laravel-project\\vendor\\laravel\\framework\\src\\Illuminate\\Foundation\\Exceptions\\Handler.php(278): Illuminate\\Foundation\\Exceptions\\Handler->reportThrowable(Object(InvalidArgumentException))
#5 C:\\Users\\USER\\Documents\\GitHub\\Take-Home-Assessment\\laravel-project\\vendor\\laravel\\framework\\src\\Illuminate\\Routing\\Pipeline.php(49): Illuminate\\Foundation\\Exceptions\\Handler->report(Object(InvalidArgumentException))
#6 C:\\Users\\USER\\Documents\\GitHub\\Take-Home-Assessment\\laravel-project\\vendor\\laravel\\framework\\src\\Illuminate\\Pipeline\\Pipeline.php(188): Illuminate\\Routing\\Pipeline->handleException(Object(Illuminate\\Http\\Request), Object(InvalidArgumentException))
#7 C:\\Users\\USER\\Documents\\GitHub\\Take-Home-Assessment\\laravel-project\\vendor\\laravel\\framework\\src\\Illuminate\\Foundation\\Http\\Middleware\\TransformsRequest.php(21): Illuminate\\Pipeline\\Pipeline->{closure:{closure:Illuminate\\Pipeline\\Pipeline::carry():158}:159}(Object(Illuminate\\Http\\Request))
#8 C:\\Users\\USER\\Documents\\GitHub\\Take-Home-Assessment\\laravel-project\\vendor\\laravel\\framework\\src\\Illuminate\\Foundation\\Http\\Middleware\\TrimStrings.php(40): Illuminate\\Foundation\\Http\\Middleware\\TransformsRequest->handle(Object(Illuminate\\Http\\Request), Object(Closure))
#9 C:\\Users\\USER\\Documents\\GitHub\\Take-Home-Assessment\\laravel-project\\vendor\\laravel\\framework\\src\\Illuminate\\Pipeline\\Pipeline.php(183): Illuminate\\Foundation\\Http\\Middleware\\TrimStrings->handle(Object(Illuminate\\Http\\Request), Object(Closure))
#10 C:\\Users\\USER\\Documents\\GitHub\\Take-Home-Assessment\\laravel-project\\vendor\\laravel\\framework\\src\\Illuminate\\Foundation\\Http\\Middleware\\ValidatePostSize.php(27): Illuminate\\Pipeline\\Pipeline->{closure:{closure:Illuminate\\Pipeline\\Pipeline::carry():158}:159}(Object(Illuminate\\Http\\Request))
#11 C:\\Users\\USER\\Documents\\GitHub\\Take-Home-Assessment\\laravel-project\\vendor\\laravel\\framework\\src\\Illuminate\\Pipeline\\Pipeline.php(183): Illuminate\\Foundation\\Http\\Middleware\\ValidatePostSize->handle(Object(Illuminate\\Http\\Request), Object(Closure))
#12 C:\\Users\\USER\\Documents\\GitHub\\Take-Home-Assessment\\laravel-project\\vendor\\laravel\\framework\\src\\Illuminate\\Foundation\\Http\\Middleware\\PreventRequestsDuringMaintenance.php(99): Illuminate\\Pipeline\\Pipeline->{closure:{closure:Illuminate\\Pipeline\\Pipeline::carry():158}:159}(Object(Illuminate\\Http\\Request))
#13 C:\\Users\\USER\\Documents\\GitHub\\Take-Home-Assessment\\laravel-project\\vendor\\laravel\\framework\\src\\Illuminate\\Pipeline\\Pipeline.php(183): Illuminate\\Foundation\\Http\\Middleware\\PreventRequestsDuringMaintenance->handle(Object(Illuminate\\Http\\Request), Object(Closure))
#14 C:\\Users\\USER\\Documents\\GitHub\\Take-Home-Assessment\\laravel-project\\vendor\\laravel\\framework\\src\\Illuminate\\Http\\Middleware\\HandleCors.php(49): Illuminate\\Pipeline\\Pipeline->{closure:{closure:Illuminate\\Pipeline\\Pipeline::carry():158}:159}(Object(Illuminate\\Http\\Request))
#15 C:\\Users\\USER\\Documents\\GitHub\\Take-Home-Assessment\\laravel-project\\vendor\\laravel\\framework\\src\\Illuminate\\Pipeline\\Pipeline.php(183): Illuminate\\Http\\Middleware\\HandleCors->handle(Object(Illuminate\\Http\\Request), Object(Closure))
#16 C:\\Users\\USER\\Documents\\GitHub\\Take-Home-Assessment\\laravel-project\\vendor\\laravel\\framework\\src\\Illuminate\\Http\\Middleware\\TrustProxies.php(39): Illuminate\\Pipeline\\Pipeline->{closure:{closure:Illuminate\\Pipeline\\Pipeline::carry():158}:159}(Object(Illuminate\\Http\\Request))
#17 C:\\Users\\USER\\Documents\\GitHub\\Take-Home-Assessment\\laravel-project\\vendor\\laravel\\framework\\src\\Illuminate\\Pipeline\\Pipeline.php(183): Illuminate\\Http\\Middleware\\TrustProxies->handle(Object(Illuminate\\Http\\Request), Object(Closure))
#18 C:\\Users\\USER\\Documents\\GitHub\\Take-Home-Assessment\\laravel-project\\vendor\\laravel\\framework\\src\\Illuminate\\Pipeline\\Pipeline.php(119): Illuminate\\Pipeline\\Pipeline->{closure:{closure:Illuminate\\Pipeline\\Pipeline::carry():158}:159}(Object(Illuminate\\Http\\Request))
#19 C:\\Users\\USER\\Documents\\GitHub\\Take-Home-Assessment\\laravel-project\\vendor\\laravel\\framework\\src\\Illuminate\\Foundation\\Http\\Kernel.php(175): Illuminate\\Pipeline\\Pipeline->then(Object(Closure))
#20 C:\\Users\\USER\\Documents\\GitHub\\Take-Home-Assessment\\laravel-project\\vendor\\laravel\\framework\\src\\Illuminate\\Foundation\\Http\\Kernel.php(144): Illuminate\\Foundation\\Http\\Kernel->sendRequestThroughRouter(Object(Illuminate\\Http\\Request))
#21 C:\\Users\\USER\\Documents\\GitHub\\Take-Home-Assessment\\laravel-project\\public\\index.php(50): Illuminate\\Foundation\\Http\\Kernel->handle(Object(Illuminate\\Http\\Request))
#22 C:\\Users\\USER\\Documents\\GitHub\\Take-Home-Assessment\\laravel-project\\vendor\\laravel\\framework\\src\\Illuminate\\Foundation\\resources\\server.php(16): require_once('C:\\\\Users\\\\USER\\\\D...')
#23 {main}
"} 
[2025-11-20 13:59:17] laravel.ERROR: Unable to resolve NULL driver for [Illuminate\Session\SessionManager]. {"exception":"[object] (InvalidArgumentException(code: 0): Unable to resolve NULL driver for [Illuminate\\Session\\SessionManager]. at C:\\Users\\USER\\Documents\\GitHub\\Take-Home-Assessment\\laravel-project\\vendor\\laravel\\framework\\src\\Illuminate\\Support\\Manager.php:71)
[stacktrace]
#0 C:\\Users\\USER\\Documents\\GitHub\\Take-Home-Assessment\\laravel-project\\vendor\\laravel\\framework\\src\\Illuminate\\Session\\SessionServiceProvider.php(52): Illuminate\\Support\\Manager->driver()
#1 C:\\Users\\USER\\Documents\\GitHub\\Take-Home-Assessment\\laravel-project\\vendor\\laravel\\framework\\src\\Illuminate\\Container\\Container.php(908): Illuminate\\Session\\SessionServiceProvider->{closure:Illuminate\\Session\\SessionServiceProvider::registerSessionDriver():48}(Object(Illuminate\\Foundation\\Application), Array)
#2 C:\\Users\\USER\\Documents\\GitHub\\Take-Home-Assessment\\laravel-project\\vendor\\laravel\\framework\\src\\Illuminate\\Container\\Container.php(795): Illuminate\\Container\\Container->build(Object(Closure))
#3 C:\\Users\\USER\\Documents\\GitHub\\Take-Home-Assessment\\laravel-project\\vendor\\laravel\\framework\\src\\Illuminate\\Foundation\\Application.php(986): Illuminate\\Container\\Container->resolve('session.store', Array, true)
#4 C:\\Users\\USER\\Documents\\GitHub\\Take-Home-Assessment\\laravel-project\\vendor\\laravel\\framework\\src\\Illuminate\\Container\\Container.php(731): Illuminate\\Foundation\\Application->resolve('session.store', Array)
#5 C:\\Users\\USER\\Documents\\GitHub\\Take-Home-Assessment\\laravel-project\\vendor\\laravel\\framework\\src\\Illuminate\\Foundation\\Application.php(971): Illuminate\\Container\\Container->make('session.store', Array)
#6 C:\\Users\\USER\\Documents\\GitHub\\Take-Home-Assessment\\laravel-project\\vendor\\laravel\\framework\\src\\Illuminate\\Container\\Container.php(1454): Illuminate\\Foundation\\Application->make('session.store')
#7 C:\\Users\\USER\\Documents\\GitHub\\Take-Home-Assessment\\laravel-project\\vendor\\laravel\\framework\\src\\Illuminate\\Routing\\RoutingServiceProvider.php(120): Illuminate\\Container\\Container->offsetGet('session.store')
#8 C:\\Users\\USER\\Documents\\GitHub\\Take-Home-Assessment\\laravel-project\\vendor\\laravel\\framework\\src\\Illuminate\\Container\\Container.php(908): Illuminate\\Routing\\RoutingServiceProvider->{closure:Illuminate\\Routing\\RoutingServiceProvider::registerRedirector():113}(Object(Illuminate\\Foundation\\Application), Array)
#9 C:\\Users\\USER\\Documents\\GitHub\\Take-Home-Assessment\\laravel-project\\vendor\\laravel\\framework\\src\\Illuminate\\Container\\Container.php(795): Illuminate\\Container\\Container->build(Object(Closure))
#10 C:\\Users\\USER\\Documents\\GitHub\\Take-Home-Assessment\\laravel-project\\vendor\\laravel\\framework\\src\\Illuminate\\Foundation\\Application.php(986): Illuminate\\Container\\Container->resolve('redirect', Array, true)
#11 C:\\Users\\USER\\Documents\\GitHub\\Take-Home-Assessment\\laravel-project\\vendor\\laravel\\framework\\src\\Illuminate\\Container\\Container.php(731): Illuminate\\Foundation\\Application->resolve('redirect', Array)
#12 C:\\Users\\USER\\Documents\\GitHub\\Take-Home-Assessment\\laravel-project\\vendor\\laravel\\framework\\src\\Illuminate\\Foundation\\Application.php(971): Illuminate\\Container\\Container->make('redirect', Array)
#13 C:\\Users\\USER\\Documents\\GitHub\\Take-Home-Assessment\\laravel-project\\vendor\\laravel\\framework\\src\\Illuminate\\Container\\Container.php(1454): Illuminate\\Foundation\\Application->make('redirect')
#14 C:\\Users\\USER\\Documents\\GitHub\\Take-Home-Assessment\\laravel-project\\vendor\\laravel\\framework\\src\\Illuminate\\Routing\\RoutingServiceProvider.php(182): Illuminate\\Container\\Container->offsetGet('redirect')
#15 C:\\Users\\USER\\Documents\\GitHub\\Take-Home-Assessment\\laravel-project\\vendor\\laravel\\framework\\src\\Illuminate\\Container\\Container.php(908): Illuminate\\Routing\\RoutingServiceProvider->{closure:Illuminate\\Routing\\RoutingServiceProvider::registerResponseFactory():181}(Object(Illuminate\\Foundation\\Application), Array)
#16 C:\\Users\\USER\\Documents\\GitHub\\Take-Home-Assessment\\laravel-project\\vendor\\laravel\\framework\\src\\Illuminate\\Container\\Container.php(795): Illuminate\\Container\\Container->build(Object(Closure))
#17 C:\\Users\\USER\\Documents\\GitHub\\Take-Home-Assessment\\laravel-project\\vendor\\laravel\\framework\\src\\Illuminate\\Foundation\\Application.php(986): Illuminate\\Container\\Container->resolve('Illuminate\\\\Cont...', Array, true)
#18 C:\\Users\\USER\\Documents\\GitHub\\Take-Home-Assessment\\laravel-project\\vendor\\laravel\\framework\\src\\Illuminate\\Container\\Container.php(731): Illuminate\\Foundation\\Application->resolve('Illuminate\\\\Cont...', Array)
#19 C:\\Users\\USER\\Documents\\GitHub\\Take-Home-Assessment\\laravel-project\\vendor\\laravel\\framework\\src\\Illuminate\\Foundation\\Application.php(971): Illuminate\\Container\\Container->make('Illuminate\\\\Cont...', Array)
#20 C:\\Users\\USER\\Documents\\GitHub\\Take-Home-Assessment\\laravel-project\\vendor\\laravel\\framework\\src\\Illuminate\\Foundation\\helpers.php(120): Illuminate\\Foundation\\Application->make('Illuminate\\\\Cont...', Array)
#21 C:\\Users\\USER\\Documents\\GitHub\\Take-Home-Assessment\\laravel-project\\vendor\\laravel\\framework\\src\\Illuminate\\Foundation\\helpers.php(790): app('Illuminate\\\\Cont...')
#22 C:\\Users\\USER\\Documents\\GitHub\\Take-Home-Assessment\\laravel-project\\vendor\\laravel\\framework\\src\\Illuminate\\Foundation\\Exceptions\\Handler.php(723): response()
#23 C:\\Users\\USER\\Documents\\GitHub\\Take-Home-Assessment\\laravel-project\\vendor\\laravel\\framework\\src\\Illuminate\\Foundation\\Exceptions\\Handler.php(650): Illuminate\\Foundation\\Exceptions\\Handler->renderHttpException(Object(Symfony\\Component\\HttpKernel\\Exception\\NotFoundHttpException))
#24 C:\\Users\\USER\\Documents\\GitHub\\Take-Home-Assessment\\laravel-project\\vendor\\laravel\\framework\\src\\Illuminate\\Foundation\\Exceptions\\Handler.php(556): Illuminate\\Foundation\\Exceptions\\Handler->prepareResponse(Object(Illuminate\\Http\\Request), Object(Symfony\\Component\\HttpKernel\\Exception\\NotFoundHttpException))
#25 C:\\Users\\USER\\Documents\\GitHub\\Take-Home-Assessment\\laravel-project\\vendor\\laravel\\framework\\src\\Illuminate\\Foundation\\Exceptions\\Handler.php(473): Illuminate\\Foundation\\Exceptions\\Handler->renderExceptionResponse(Object(Illuminate\\Http\\Request), Object(Symfony\\Component\\HttpKernel\\Exception\\NotFoundHttpException))
#26 C:\\Users\\USER\\Documents\\GitHub\\Take-Home-Assessment\\laravel-project\\vendor\\laravel\\framework\\src\\Illuminate\\Routing\\Pipeline.php(51): Illuminate\\Foundation\\Exceptions\\Handler->render(Object(Illuminate\\Http\\Request), Object(Symfony\\Component\\HttpKernel\\Exception\\NotFoundHttpException))
#27 C:\\Users\\USER\\Documents\\GitHub\\Take-Home-Assessment\\laravel-project\\vendor\\laravel\\framework\\src\\Illuminate\\Pipeline\\Pipeline.php(146): Illuminate\\Routing\\Pipeline->handleException(Object(Illuminate\\Http\\Request), Object(Symfony\\Component\\HttpKernel\\Exception\\NotFoundHttpException))
#28 C:\\Users\\USER\\Documents\\GitHub\\Take-Home-Assessment\\laravel-project\\vendor\\laravel\\framework\\src\\Illuminate\\Foundation\\Http\\Middleware\\TransformsRequest.php(21): Illuminate\\Pipeline\\Pipeline->{closure:Illuminate\\Pipeline\\Pipeline::prepareDestination():142}(Object(Illuminate\\Http\\Request))
#29 C:\\Users\\USER\\Documents\\GitHub\\Take-Home-Assessment\\laravel-project\\vendor\\laravel\\framework\\src\\Illuminate\\Foundation\\Http\\Middleware\\ConvertEmptyStringsToNull.php(31): Illuminate\\Foundation\\Http\\Middleware\\TransformsRequest->handle(Object(Illuminate\\Http\\Request), Object(Closure))
#30 C:\\Users\\USER\\Documents\\GitHub\\Take-Home-Assessment\\laravel-project\\vendor\\laravel\\framework\\src\\Illuminate\\Pipeline\\Pipeline.php(183): Illuminate\\Foundation\\Http\\Middleware\\ConvertEmptyStringsToNull->handle(Object(Illuminate\\Http\\Request), Object(Closure))
#31 C:\\Users\\USER\\Documents\\GitHub\\Take-Home-Assessment\\laravel-project\\vendor\\laravel\\framework\\src\\Illuminate\\Foundation\\Http\\Middleware\\TransformsRequest.php(21): Illuminate\\Pipeline\\Pipeline->{closure:{closure:Illuminate\\Pipeline\\Pipeline::carry():158}:159}(Object(Illuminate\\Http\\Request))
#32 C:\\Users\\USER\\Documents\\GitHub\\Take-Home-Assessment\\laravel-project\\vendor\\laravel\\framework\\src\\Illuminate\\Foundation\\Http\\Middleware\\TrimStrings.php(40): Illuminate\\Foundation\\Http\\Middleware\\TransformsRequest->handle(Object(Illuminate\\Http\\Request), Object(Closure))
#33 C:\\Users\\USER\\Documents\\GitHub\\Take-Home-Assessment\\laravel-project\\vendor\\laravel\\framework\\src\\Illuminate\\Pipeline\\Pipeline.php(183): Illuminate\\Foundation\\Http\\Middleware\\TrimStrings->handle(Object(Illuminate\\Http\\Request), Object(Closure))
#34 C:\\Users\\USER\\Documents\\GitHub\\Take-Home-Assessment\\laravel-project\\vendor\\laravel\\framework\\src\\Illuminate\\Foundation\\Http\\Middleware\\ValidatePostSize.php(27): Illuminate\\Pipeline\\Pipeline->{closure:{closure:Illuminate\\Pipeline\\Pipeline::carry():158}:159}(Object(Illuminate\\Http\\Request))
#35 C:\\Users\\USER\\Documents\\GitHub\\Take-Home-Assessment\\laravel-project\\vendor\\laravel\\framework\\src\\Illuminate\\Pipeline\\Pipeline.php(183): Illuminate\\Foundation\\Http\\Middleware\\ValidatePostSize->handle(Object(Illuminate\\Http\\Request), Object(Closure))
#36 C:\\Users\\USER\\Documents\\GitHub\\Take-Home-Assessment\\laravel-project\\vendor\\laravel\\framework\\src\\Illuminate\\Foundation\\Http\\Middleware\\PreventRequestsDuringMaintenance.php(99): Illuminate\\Pipeline\\Pipeline->{closure:{closure:Illuminate\\Pipeline\\Pipeline::carry():158}:159}(Object(Illuminate\\Http\\Request))
#37 C:\\Users\\USER\\Documents\\GitHub\\Take-Home-Assessment\\laravel-project\\vendor\\laravel\\framework\\src\\Illuminate\\Pipeline\\Pipeline.php(183): Illuminate\\Foundation\\Http\\Middleware\\PreventRequestsDuringMaintenance->handle(Object(Illuminate\\Http\\Request), Object(Closure))
#38 C:\\Users\\USER\\Documents\\GitHub\\Take-Home-Assessment\\laravel-project\\vendor\\laravel\\framework\\src\\Illuminate\\Http\\Middleware\\HandleCors.php(49): Illuminate\\Pipeline\\Pipeline->{closure:{closure:Illuminate\\Pipeline\\Pipeline::carry():158}:159}(Object(Illuminate\\Http\\Request))
#39 C:\\Users\\USER\\Documents\\GitHub\\Take-Home-Assessment\\laravel-project\\vendor\\laravel\\framework\\src\\Illuminate\\Pipeline\\Pipeline.php(183): Illuminate\\Http\\Middleware\\HandleCors->handle(Object(Illuminate\\Http\\Request), Object(Closure))
#40 C:\\Users\\USER\\Documents\\GitHub\\Take-Home-Assessment\\laravel-project\\vendor\\laravel\\framework\\src\\Illuminate\\Http\\Middleware\\TrustProxies.php(39): Illuminate\\Pipeline\\Pipeline->{closure:{closure:Illuminate\\Pipeline\\Pipeline::carry():158}:159}(Object(Illuminate\\Http\\Request))
#41 C:\\Users\\USER\\Documents\\GitHub\\Take-Home-Assessment\\laravel-project\\vendor\\laravel\\framework\\src\\Illuminate\\Pipeline\\Pipeline.php(183): Illuminate\\Http\\Middleware\\TrustProxies->handle(Object(Illuminate\\Http\\Request), Object(Closure))
#42 C:\\Users\\USER\\Documents\\GitHub\\Take-Home-Assessment\\laravel-project\\vendor\\laravel\\framework\\src\\Illuminate\\Pipeline\\Pipeline.php(119): Illuminate\\Pipeline\\Pipeline->{closure:{closure:Illuminate\\Pipeline\\Pipeline::carry():158}:159}(Object(Illuminate\\Http\\Request))
#43 C:\\Users\\USER\\Documents\\GitHub\\Take-Home-Assessment\\laravel-project\\vendor\\laravel\\framework\\src\\Illuminate\\Foundation\\Http\\Kernel.php(175): Illuminate\\Pipeline\\Pipeline->then(Object(Closure))
#44 C:\\Users\\USER\\Documents\\GitHub\\Take-Home-Assessment\\laravel-project\\vendor\\laravel\\framework\\src\\Illuminate\\Foundation\\Http\\Kernel.php(144): Illuminate\\Foundation\\Http\\Kernel->sendRequestThroughRouter(Object(Illuminate\\Http\\Request))
#45 C:\\Users\\USER\\Documents\\GitHub\\Take-Home-Assessment\\laravel-project\\public\\index.php(50): Illuminate\\Foundation\\Http\\Kernel->handle(Object(Illuminate\\Http\\Request))
#46 C:\\Users\\USER\\Documents\\GitHub\\Take-Home-Assessment\\laravel-project\\vendor\\laravel\\framework\\src\\Illuminate\\Foundation\\resources\\server.php(16): require_once('C:\\\\Users\\\\USER\\\\D...')
#47 {main}
"} 
[2025-11-20 14:00:12] laravel.EMERGENCY: Unable to create configured logger. Using emergency logger. {"exception":"[object] (InvalidArgumentException(code: 0): Log [] is not defined. at C:\\Users\\USER\\Documents\\GitHub\\Take-Home-Assessment\\laravel-project\\vendor\\laravel\\framework\\src\\Illuminate\\Log\\LogManager.php:212)
[stacktrace]
#0 C:\\Users\\USER\\Documents\\GitHub\\Take-Home-Assessment\\laravel-project\\vendor\\laravel\\framework\\src\\Illuminate\\Log\\LogManager.php(137): Illuminate\\Log\\LogManager->resolve(NULL, NULL)
#1 C:\\Users\\USER\\Documents\\GitHub\\Take-Home-Assessment\\laravel-project\\vendor\\laravel\\framework\\src\\Illuminate\\Log\\LogManager.php(124): Illuminate\\Log\\LogManager->get(NULL)
#2 C:\\Users\\USER\\Documents\\GitHub\\Take-Home-Assessment\\laravel-project\\vendor\\laravel\\framework\\src\\Illuminate\\Log\\LogManager.php(681): Illuminate\\Log\\LogManager->driver()
#3 C:\\Users\\USER\\Documents\\GitHub\\Take-Home-Assessment\\laravel-project\\vendor\\laravel\\framework\\src\\Illuminate\\Foundation\\Exceptions\\Handler.php(317): Illuminate\\Log\\LogManager->error('Database file a...', Array)
#4 C:\\Users\\USER\\Documents\\GitHub\\Take-Home-Assessment\\laravel-project\\vendor\\laravel\\framework\\src\\Illuminate\\Foundation\\Exceptions\\Handler.php(278): Illuminate\\Foundation\\Exceptions\\Handler->reportThrowable(Object(Illuminate\\Database\\QueryException))
#5 C:\\Users\\USER\\Documents\\GitHub\\Take-Home-Assessment\\laravel-project\\vendor\\laravel\\framework\\src\\Illuminate\\Routing\\Pipeline.php(49): Illuminate\\Foundation\\Exceptions\\Handler->report(Object(Illuminate\\Database\\QueryException))
#6 C:\\Users\\USER\\Documents\\GitHub\\Take-Home-Assessment\\laravel-project\\vendor\\laravel\\framework\\src\\Illuminate\\Pipeline\\Pipeline.php(188): Illuminate\\Routing\\Pipeline->handleException(Object(Illuminate\\Http\\Request), Object(Illuminate\\Database\\QueryException))
#7 C:\\Users\\USER\\Documents\\GitHub\\Take-Home-Assessment\\laravel-project\\vendor\\laravel\\framework\\src\\Illuminate\\Foundation\\Http\\Middleware\\TransformsRequest.php(21): Illuminate\\Pipeline\\Pipeline->{closure:{closure:Illuminate\\Pipeline\\Pipeline::carry():158}:159}(Object(Illuminate\\Http\\Request))
#8 C:\\Users\\USER\\Documents\\GitHub\\Take-Home-Assessment\\laravel-project\\vendor\\laravel\\framework\\src\\Illuminate\\Foundation\\Http\\Middleware\\TrimStrings.php(40): Illuminate\\Foundation\\Http\\Middleware\\TransformsRequest->handle(Object(Illuminate\\Http\\Request), Object(Closure))
#9 C:\\Users\\USER\\Documents\\GitHub\\Take-Home-Assessment\\laravel-project\\vendor\\laravel\\framework\\src\\Illuminate\\Pipeline\\Pipeline.php(183): Illuminate\\Foundation\\Http\\Middleware\\TrimStrings->handle(Object(Illuminate\\Http\\Request), Object(Closure))
#10 C:\\Users\\USER\\Documents\\GitHub\\Take-Home-Assessment\\laravel-project\\vendor\\laravel\\framework\\src\\Illuminate\\Foundation\\Http\\Middleware\\ValidatePostSize.php(27): Illuminate\\Pipeline\\Pipeline->{closure:{closure:Illuminate\\Pipeline\\Pipeline::carry():158}:159}(Object(Illuminate\\Http\\Request))
#11 C:\\Users\\USER\\Documents\\GitHub\\Take-Home-Assessment\\laravel-project\\vendor\\laravel\\framework\\src\\Illuminate\\Pipeline\\Pipeline.php(183): Illuminate\\Foundation\\Http\\Middleware\\ValidatePostSize->handle(Object(Illuminate\\Http\\Request), Object(Closure))
#12 C:\\Users\\USER\\Documents\\GitHub\\Take-Home-Assessment\\laravel-project\\vendor\\laravel\\framework\\src\\Illuminate\\Foundation\\Http\\Middleware\\PreventRequestsDuringMaintenance.php(99): Illuminate\\Pipeline\\Pipeline->{closure:{closure:Illuminate\\Pipeline\\Pipeline::carry():158}:159}(Object(Illuminate\\Http\\Request))
#13 C:\\Users\\USER\\Documents\\GitHub\\Take-Home-Assessment\\laravel-project\\vendor\\laravel\\framework\\src\\Illuminate\\Pipeline\\Pipeline.php(183): Illuminate\\Foundation\\Http\\Middleware\\PreventRequestsDuringMaintenance->handle(Object(Illuminate\\Http\\Request), Object(Closure))
#14 C:\\Users\\USER\\Documents\\GitHub\\Take-Home-Assessment\\laravel-project\\vendor\\laravel\\framework\\src\\Illuminate\\Http\\Middleware\\HandleCors.php(49): Illuminate\\Pipeline\\Pipeline->{closure:{closure:Illuminate\\Pipeline\\Pipeline::carry():158}:159}(Object(Illuminate\\Http\\Request))
#15 C:\\Users\\USER\\Documents\\GitHub\\Take-Home-Assessment\\laravel-project\\vendor\\laravel\\framework\\src\\Illuminate\\Pipeline\\Pipeline.php(183): Illuminate\\Http\\Middleware\\HandleCors->handle(Object(Illuminate\\Http\\Request), Object(Closure))
#16 C:\\Users\\USER\\Documents\\GitHub\\Take-Home-Assessment\\laravel-project\\vendor\\laravel\\framework\\src\\Illuminate\\Http\\Middleware\\TrustProxies.php(39): Illuminate\\Pipeline\\Pipeline->{closure:{closure:Illuminate\\Pipeline\\Pipeline::carry():158}:159}(Object(Illuminate\\Http\\Request))
#17 C:\\Users\\USER\\Documents\\GitHub\\Take-Home-Assessment\\laravel-project\\vendor\\laravel\\framework\\src\\Illuminate\\Pipeline\\Pipeline.php(183): Illuminate\\Http\\Middleware\\TrustProxies->handle(Object(Illuminate\\Http\\Request), Object(Closure))
#18 C:\\Users\\USER\\Documents\\GitHub\\Take-Home-Assessment\\laravel-project\\vendor\\laravel\\framework\\src\\Illuminate\\Pipeline\\Pipeline.php(119): Illuminate\\Pipeline\\Pipeline->{closure:{closure:Illuminate\\Pipeline\\Pipeline::carry():158}:159}(Object(Illuminate\\Http\\Request))
#19 C:\\Users\\USER\\Documents\\GitHub\\Take-Home-Assessment\\laravel-project\\vendor\\laravel\\framework\\src\\Illuminate\\Foundation\\Http\\Kernel.php(175): Illuminate\\Pipeline\\Pipeline->then(Object(Closure))
#20 C:\\Users\\USER\\Documents\\GitHub\\Take-Home-Assessment\\laravel-project\\vendor\\laravel\\framework\\src\\Illuminate\\Foundation\\Http\\Kernel.php(144): Illuminate\\Foundation\\Http\\Kernel->sendRequestThroughRouter(Object(Illuminate\\Http\\Request))
#21 C:\\Users\\USER\\Documents\\GitHub\\Take-Home-Assessment\\laravel-project\\public\\index.php(50): Illuminate\\Foundation\\Http\\Kernel->handle(Object(Illuminate\\Http\\Request))
#22 C:\\Users\\USER\\Documents\\GitHub\\Take-Home-Assessment\\laravel-project\\vendor\\laravel\\framework\\src\\Illuminate\\Foundation\\resources\\server.php(16): require_once('C:\\\\Users\\\\USER\\\\D...')
#23 {main}
"} 
[2025-11-20 14:00:12] laravel.ERROR: Database file at path [database.sqlite] does not exist. Ensure this is an absolute path to the database. (Connection: sqlite, SQL: PRAGMA foreign_keys = ON;) {"exception":"[object] (Illuminate\\Database\\QueryException(code: 0): Database file at path [database.sqlite] does not exist. Ensure this is an absolute path to the database. (Connection: sqlite, SQL: PRAGMA foreign_keys = ON;) at C:\\Users\\USER\\Documents\\GitHub\\Take-Home-Assessment\\laravel-project\\vendor\\laravel\\framework\\src\\Illuminate\\Database\\Connection.php:829)
[stacktrace]
#0 C:\\Users\\USER\\Documents\\GitHub\\Take-Home-Assessment\\laravel-project\\vendor\\laravel\\framework\\src\\Illuminate\\Database\\Connection.php(783): Illuminate\\Database\\Connection->runQueryCallback('PRAGMA foreign_...', Array, Object(Closure))
#1 C:\\Users\\USER\\Documents\\GitHub\\Take-Home-Assessment\\laravel-project\\vendor\\laravel\\framework\\src\\Illuminate\\Database\\Connection.php(576): Illuminate\\Database\\Connection->run('PRAGMA foreign_...', Array, Object(Closure))
#2 C:\\Users\\USER\\Documents\\GitHub\\Take-Home-Assessment\\laravel-project\\vendor\\laravel\\framework\\src\\Illuminate\\Database\\Schema\\Builder.php(560): Illuminate\\Database\\Connection->statement('PRAGMA foreign_...')
#3 C:\\Users\\USER\\Documents\\GitHub\\Take-Home-Assessment\\laravel-project\\vendor\\laravel\\framework\\src\\Illuminate\\Database\\SQLiteConnection.php(36): Illuminate\\Database\\Schema\\Builder->enableForeignKeyConstraints()
#4 C:\\Users\\USER\\Documents\\GitHub\\Take-Home-Assessment\\laravel-project\\vendor\\laravel\\framework\\src\\Illuminate\\Database\\Connectors\\ConnectionFactory.php(272): Illuminate\\Database\\SQLiteConnection->__construct(Object(Closure), 'database.sqlite', '', Array)
#5 C:\\Users\\USER\\Documents\\GitHub\\Take-Home-Assessment\\laravel-project\\vendor\\laravel\\framework\\src\\Illuminate\\Database\\Connectors\\ConnectionFactory.php(75): Illuminate\\Database\\Connectors\\ConnectionFactory->createConnection('sqlite', Object(Closure), 'database.sqlite', '', Array)
#6 C:\\Users\\USER\\Documents\\GitHub\\Take-Home-Assessment\\laravel-project\\vendor\\laravel\\framework\\src\\Illuminate\\Database\\Connectors\\ConnectionFactory.php(50): Illuminate\\Database\\Connectors\\ConnectionFactory->createSingleConnection(Array)
#7 C:\\Users\\USER\\Documents\\GitHub\\Take-Home-Assessment\\laravel-project\\vendor\\laravel\\framework\\src\\Illuminate\\Database\\DatabaseManager.php(175): Illuminate\\Database\\Connectors\\ConnectionFactory->make(Array, 'sqlite')
#8 C:\\Users\\USER\\Documents\\GitHub\\Take-Home-Assessment\\laravel-project\\vendor\\laravel\\framework\\src\\Illuminate\\Database\\DatabaseManager.php(101): Illuminate\\Database\\DatabaseManager->makeConnection('sqlite')
#9 C:\\Users\\USER\\Documents\\GitHub\\Take-Home-Assessment\\laravel-project\\vendor\\laravel\\framework\\src\\Illuminate\\Session\\SessionManager.php(108): Illuminate\\Database\\DatabaseManager->connection('sqlite')
#10 C:\\Users\\USER\\Documents\\GitHub\\Take-Home-Assessment\\laravel-project\\vendor\\laravel\\framework\\src\\Illuminate\\Session\\SessionManager.php(95): Illuminate\\Session\\SessionManager->getDatabaseConnection()
#11 C:\\Users\\USER\\Documents\\GitHub\\Take-Home-Assessment\\laravel-project\\vendor\\laravel\\framework\\src\\Illuminate\\Support\\Manager.php(106): Illuminate\\Session\\SessionManager->createDatabaseDriver()
#12 C:\\Users\\USER\\Documents\\GitHub\\Take-Home-Assessment\\laravel-project\\vendor\\laravel\\framework\\src\\Illuminate\\Support\\Manager.php(80): Illuminate\\Support\\Manager->createDriver('database')
#13 C:\\Users\\USER\\Documents\\GitHub\\Take-Home-Assessment\\laravel-project\\vendor\\laravel\\framework\\src\\Illuminate\\Session\\SessionServiceProvider.php(52): Illuminate\\Support\\Manager->driver()
#14 C:\\Users\\USER\\Documents\\GitHub\\Take-Home-Assessment\\laravel-project\\vendor\\laravel\\framework\\src\\Illuminate\\Container\\Container.php(908): Illuminate\\Session\\SessionServiceProvider->{closure:Illuminate\\Session\\SessionServiceProvider::registerSessionDriver():48}(Object(Illuminate\\Foundation\\Application), Array)
#15 C:\\Users\\USER\\Documents\\GitHub\\Take-Home-Assessment\\laravel-project\\vendor\\laravel\\framework\\src\\Illuminate\\Container\\Container.php(795): Illuminate\\Container\\Container->build(Object(Closure))
#16 C:\\Users\\USER\\Documents\\GitHub\\Take-Home-Assessment\\laravel-project\\vendor\\laravel\\framework\\src\\Illuminate\\Foundation\\Application.php(986): Illuminate\\Container\\Container->resolve('session.store', Array, true)
#17 C:\\Users\\USER\\Documents\\GitHub\\Take-Home-Assessment\\laravel-project\\vendor\\laravel\\framework\\src\\Illuminate\\Container\\Container.php(731): Illuminate\\Foundation\\Application->resolve('session.store', Array)
#18 C:\\Users\\USER\\Documents\\GitHub\\Take-Home-Assessment\\laravel-project\\vendor\\laravel\\framework\\src\\Illuminate\\Foundation\\Application.php(971): Illuminate\\Container\\Container->make('session.store', Array)
#19 C:\\Users\\USER\\Documents\\GitHub\\Take-Home-Assessment\\laravel-project\\vendor\\laravel\\framework\\src\\Illuminate\\Container\\Container.php(1454): Illuminate\\Foundation\\Application->make('session.store')
#20 C:\\Users\\USER\\Documents\\GitHub\\Take-Home-Assessment\\laravel-project\\vendor\\laravel\\framework\\src\\Illuminate\\Routing\\RoutingServiceProvider.php(120): Illuminate\\Container\\Container->offsetGet('session.store')
#21 C:\\Users\\USER\\Documents\\GitHub\\Take-Home-Assessment\\laravel-project\\vendor\\laravel\\framework\\src\\Illuminate\\Container\\Container.php(908): Illuminate\\Routing\\RoutingServiceProvider->{closure:Illuminate\\Routing\\RoutingServiceProvider::registerRedirector():113}(Object(Illuminate\\Foundation\\Application), Array)
#22 C:\\Users\\USER\\Documents\\GitHub\\Take-Home-Assessment\\laravel-project\\vendor\\laravel\\framework\\src\\Illuminate\\Container\\Container.php(795): Illuminate\\Container\\Container->build(Object(Closure))
#23 C:\\Users\\USER\\Documents\\GitHub\\Take-Home-Assessment\\laravel-project\\vendor\\laravel\\framework\\src\\Illuminate\\Foundation\\Application.php(986): Illuminate\\Container\\Container->resolve('redirect', Array, true)
#24 C:\\Users\\USER\\Documents\\GitHub\\Take-Home-Assessment\\laravel-project\\vendor\\laravel\\framework\\src\\Illuminate\\Container\\Container.php(731): Illuminate\\Foundation\\Application->resolve('redirect', Array)
#25 C:\\Users\\USER\\Documents\\GitHub\\Take-Home-Assessment\\laravel-project\\vendor\\laravel\\framework\\src\\Illuminate\\Foundation\\Application.php(971): Illuminate\\Container\\Container->make('redirect', Array)
#26 C:\\Users\\USER\\Documents\\GitHub\\Take-Home-Assessment\\laravel-project\\vendor\\laravel\\framework\\src\\Illuminate\\Container\\Container.php(1454): Illuminate\\Foundation\\Application->make('redirect')
#27 C:\\Users\\USER\\Documents\\GitHub\\Take-Home-Assessment\\laravel-project\\vendor\\laravel\\framework\\src\\Illuminate\\Routing\\RoutingServiceProvider.php(182): Illuminate\\Container\\Container->offsetGet('redirect')
#28 C:\\Users\\USER\\Documents\\GitHub\\Take-Home-Assessment\\laravel-project\\vendor\\laravel\\framework\\src\\Illuminate\\Container\\Container.php(908): Illuminate\\Routing\\RoutingServiceProvider->{closure:Illuminate\\Routing\\RoutingServiceProvider::registerResponseFactory():181}(Object(Illuminate\\Foundation\\Application), Array)
#29 C:\\Users\\USER\\Documents\\GitHub\\Take-Home-Assessment\\laravel-project\\vendor\\laravel\\framework\\src\\Illuminate\\Container\\Container.php(795): Illuminate\\Container\\Container->build(Object(Closure))
#30 C:\\Users\\USER\\Documents\\GitHub\\Take-Home-Assessment\\laravel-project\\vendor\\laravel\\framework\\src\\Illuminate\\Foundation\\Application.php(986): Illuminate\\Container\\Container->resolve('Illuminate\\\\Cont...', Array, true)
#31 C:\\Users\\USER\\Documents\\GitHub\\Take-Home-Assessment\\laravel-project\\vendor\\laravel\\framework\\src\\Illuminate\\Container\\Container.php(731): Illuminate\\Foundation\\Application->resolve('Illuminate\\\\Cont...', Array)
#32 C:\\Users\\USER\\Documents\\GitHub\\Take-Home-Assessment\\laravel-project\\vendor\\laravel\\framework\\src\\Illuminate\\Foundation\\Application.php(971): Illuminate\\Container\\Container->make('Illuminate\\\\Cont...', Array)
#33 C:\\Users\\USER\\Documents\\GitHub\\Take-Home-Assessment\\laravel-project\\vendor\\laravel\\framework\\src\\Illuminate\\Foundation\\helpers.php(120): Illuminate\\Foundation\\Application->make('Illuminate\\\\Cont...', Array)
#34 C:\\Users\\USER\\Documents\\GitHub\\Take-Home-Assessment\\laravel-project\\vendor\\laravel\\framework\\src\\Illuminate\\Foundation\\helpers.php(790): app('Illuminate\\\\Cont...')
#35 C:\\Users\\USER\\Documents\\GitHub\\Take-Home-Assessment\\laravel-project\\vendor\\laravel\\framework\\src\\Illuminate\\Foundation\\Exceptions\\Handler.php(723): response()
#36 C:\\Users\\USER\\Documents\\GitHub\\Take-Home-Assessment\\laravel-project\\vendor\\laravel\\framework\\src\\Illuminate\\Foundation\\Exceptions\\Handler.php(650): Illuminate\\Foundation\\Exceptions\\Handler->renderHttpException(Object(Symfony\\Component\\HttpKernel\\Exception\\NotFoundHttpException))
#37 C:\\Users\\USER\\Documents\\GitHub\\Take-Home-Assessment\\laravel-project\\vendor\\laravel\\framework\\src\\Illuminate\\Foundation\\Exceptions\\Handler.php(556): Illuminate\\Foundation\\Exceptions\\Handler->prepareResponse(Object(Illuminate\\Http\\Request), Object(Symfony\\Component\\HttpKernel\\Exception\\NotFoundHttpException))
#38 C:\\Users\\USER\\Documents\\GitHub\\Take-Home-Assessment\\laravel-project\\vendor\\laravel\\framework\\src\\Illuminate\\Foundation\\Exceptions\\Handler.php(473): Illuminate\\Foundation\\Exceptions\\Handler->renderExceptionResponse(Object(Illuminate\\Http\\Request), Object(Symfony\\Component\\HttpKernel\\Exception\\NotFoundHttpException))
#39 C:\\Users\\USER\\Documents\\GitHub\\Take-Home-Assessment\\laravel-project\\vendor\\laravel\\framework\\src\\Illuminate\\Routing\\Pipeline.php(51): Illuminate\\Foundation\\Exceptions\\Handler->render(Object(Illuminate\\Http\\Request), Object(Symfony\\Component\\HttpKernel\\Exception\\NotFoundHttpException))
#40 C:\\Users\\USER\\Documents\\GitHub\\Take-Home-Assessment\\laravel-project\\vendor\\laravel\\framework\\src\\Illuminate\\Pipeline\\Pipeline.php(146): Illuminate\\Routing\\Pipeline->handleException(Object(Illuminate\\Http\\Request), Object(Symfony\\Component\\HttpKernel\\Exception\\NotFoundHttpException))
#41 C:\\Users\\USER\\Documents\\GitHub\\Take-Home-Assessment\\laravel-project\\vendor\\laravel\\framework\\src\\Illuminate\\Foundation\\Http\\Middleware\\TransformsRequest.php(21): Illuminate\\Pipeline\\Pipeline->{closure:Illuminate\\Pipeline\\Pipeline::prepareDestination():142}(Object(Illuminate\\Http\\Request))
#42 C:\\Users\\USER\\Documents\\GitHub\\Take-Home-Assessment\\laravel-project\\vendor\\laravel\\framework\\src\\Illuminate\\Foundation\\Http\\Middleware\\ConvertEmptyStringsToNull.php(31): Illuminate\\Foundation\\Http\\Middleware\\TransformsRequest->handle(Object(Illuminate\\Http\\Request), Object(Closure))
#43 C:\\Users\\USER\\Documents\\GitHub\\Take-Home-Assessment\\laravel-project\\vendor\\laravel\\framework\\src\\Illuminate\\Pipeline\\Pipeline.php(183): Illuminate\\Foundation\\Http\\Middleware\\ConvertEmptyStringsToNull->handle(Object(Illuminate\\Http\\Request), Object(Closure))
#44 C:\\Users\\USER\\Documents\\GitHub\\Take-Home-Assessment\\laravel-project\\vendor\\laravel\\framework\\src\\Illuminate\\Foundation\\Http\\Middleware\\TransformsRequest.php(21): Illuminate\\Pipeline\\Pipeline->{closure:{closure:Illuminate\\Pipeline\\Pipeline::carry():158}:159}(Object(Illuminate\\Http\\Request))
#45 C:\\Users\\USER\\Documents\\GitHub\\Take-Home-Assessment\\laravel-project\\vendor\\laravel\\framework\\src\\Illuminate\\Foundation\\Http\\Middleware\\TrimStrings.php(40): Illuminate\\Foundation\\Http\\Middleware\\TransformsRequest->handle(Object(Illuminate\\Http\\Request), Object(Closure))
#46 C:\\Users\\USER\\Documents\\GitHub\\Take-Home-Assessment\\laravel-project\\vendor\\laravel\\framework\\src\\Illuminate\\Pipeline\\Pipeline.php(183): Illuminate\\Foundation\\Http\\Middleware\\TrimStrings->handle(Object(Illuminate\\Http\\Request), Object(Closure))
#47 C:\\Users\\USER\\Documents\\GitHub\\Take-Home-Assessment\\laravel-project\\vendor\\laravel\\framework\\src\\Illuminate\\Foundation\\Http\\Middleware\\ValidatePostSize.php(27): Illuminate\\Pipeline\\Pipeline->{closure:{closure:Illuminate\\Pipeline\\Pipeline::carry():158}:159}(Object(Illuminate\\Http\\Request))
#48 C:\\Users\\USER\\Documents\\GitHub\\Take-Home-Assessment\\laravel-project\\vendor\\laravel\\framework\\src\\Illuminate\\Pipeline\\Pipeline.php(183): Illuminate\\Foundation\\Http\\Middleware\\ValidatePostSize->handle(Object(Illuminate\\Http\\Request), Object(Closure))
#49 C:\\Users\\USER\\Documents\\GitHub\\Take-Home-Assessment\\laravel-project\\vendor\\laravel\\framework\\src\\Illuminate\\Foundation\\Http\\Middleware\\PreventRequestsDuringMaintenance.php(99): Illuminate\\Pipeline\\Pipeline->{closure:{closure:Illuminate\\Pipeline\\Pipeline::carry():158}:159}(Object(Illuminate\\Http\\Request))
#50 C:\\Users\\USER\\Documents\\GitHub\\Take-Home-Assessment\\laravel-project\\vendor\\laravel\\framework\\src\\Illuminate\\Pipeline\\Pipeline.php(183): Illuminate\\Foundation\\Http\\Middleware\\PreventRequestsDuringMaintenance->handle(Object(Illuminate\\Http\\Request), Object(Closure))
#51 C:\\Users\\USER\\Documents\\GitHub\\Take-Home-Assessment\\laravel-project\\vendor\\laravel\\framework\\src\\Illuminate\\Http\\Middleware\\HandleCors.php(49): Illuminate\\Pipeline\\Pipeline->{closure:{closure:Illuminate\\Pipeline\\Pipeline::carry():158}:159}(Object(Illuminate\\Http\\Request))
#52 C:\\Users\\USER\\Documents\\GitHub\\Take-Home-Assessment\\laravel-project\\vendor\\laravel\\framework\\src\\Illuminate\\Pipeline\\Pipeline.php(183): Illuminate\\Http\\Middleware\\HandleCors->handle(Object(Illuminate\\Http\\Request), Object(Closure))
#53 C:\\Users\\USER\\Documents\\GitHub\\Take-Home-Assessment\\laravel-project\\vendor\\laravel\\framework\\src\\Illuminate\\Http\\Middleware\\TrustProxies.php(39): Illuminate\\Pipeline\\Pipeline->{closure:{closure:Illuminate\\Pipeline\\Pipeline::carry():158}:159}(Object(Illuminate\\Http\\Request))
#54 C:\\Users\\USER\\Documents\\GitHub\\Take-Home-Assessment\\laravel-project\\vendor\\laravel\\framework\\src\\Illuminate\\Pipeline\\Pipeline.php(183): Illuminate\\Http\\Middleware\\TrustProxies->handle(Object(Illuminate\\Http\\Request), Object(Closure))
#55 C:\\Users\\USER\\Documents\\GitHub\\Take-Home-Assessment\\laravel-project\\vendor\\laravel\\framework\\src\\Illuminate\\Pipeline\\Pipeline.php(119): Illuminate\\Pipeline\\Pipeline->{closure:{closure:Illuminate\\Pipeline\\Pipeline::carry():158}:159}(Object(Illuminate\\Http\\Request))
#56 C:\\Users\\USER\\Documents\\GitHub\\Take-Home-Assessment\\laravel-project\\vendor\\laravel\\framework\\src\\Illuminate\\Foundation\\Http\\Kernel.php(175): Illuminate\\Pipeline\\Pipeline->then(Object(Closure))
#57 C:\\Users\\USER\\Documents\\GitHub\\Take-Home-Assessment\\laravel-project\\vendor\\laravel\\framework\\src\\Illuminate\\Foundation\\Http\\Kernel.php(144): Illuminate\\Foundation\\Http\\Kernel->sendRequestThroughRouter(Object(Illuminate\\Http\\Request))
#58 C:\\Users\\USER\\Documents\\GitHub\\Take-Home-Assessment\\laravel-project\\public\\index.php(50): Illuminate\\Foundation\\Http\\Kernel->handle(Object(Illuminate\\Http\\Request))
#59 C:\\Users\\USER\\Documents\\GitHub\\Take-Home-Assessment\\laravel-project\\vendor\\laravel\\framework\\src\\Illuminate\\Foundation\\resources\\server.php(16): require_once('C:\\\\Users\\\\USER\\\\D...')
#60 {main}

[previous exception] [object] (Illuminate\\Database\\SQLiteDatabaseDoesNotExistException(code: 0): Database file at path [database.sqlite] does not exist. Ensure this is an absolute path to the database. at C:\\Users\\USER\\Documents\\GitHub\\Take-Home-Assessment\\laravel-project\\vendor\\laravel\\framework\\src\\Illuminate\\Database\\Connectors\\SQLiteConnector.php:34)
[stacktrace]
#0 C:\\Users\\USER\\Documents\\GitHub\\Take-Home-Assessment\\laravel-project\\vendor\\laravel\\framework\\src\\Illuminate\\Database\\Connectors\\ConnectionFactory.php(221): Illuminate\\Database\\Connectors\\SQLiteConnector->connect(Array)
#1 [internal function]: Illuminate\\Database\\Connectors\\ConnectionFactory->{closure:Illuminate\\Database\\Connectors\\ConnectionFactory::createPdoResolverWithoutHosts():221}()
#2 C:\\Users\\USER\\Documents\\GitHub\\Take-Home-Assessment\\laravel-project\\vendor\\laravel\\framework\\src\\Illuminate\\Database\\Connection.php(1339): call_user_func(Object(Closure))
#3 C:\\Users\\USER\\Documents\\GitHub\\Take-Home-Assessment\\laravel-project\\vendor\\laravel\\framework\\src\\Illuminate\\Database\\Connection.php(581): Illuminate\\Database\\Connection->getPdo()
#4 C:\\Users\\USER\\Documents\\GitHub\\Take-Home-Assessment\\laravel-project\\vendor\\laravel\\framework\\src\\Illuminate\\Database\\Connection.php(816): Illuminate\\Database\\Connection->{closure:Illuminate\\Database\\Connection::statement():576}('PRAGMA foreign_...', Array)
#5 C:\\Users\\USER\\Documents\\GitHub\\Take-Home-Assessment\\laravel-project\\vendor\\laravel\\framework\\src\\Illuminate\\Database\\Connection.php(783): Illuminate\\Database\\Connection->runQueryCallback('PRAGMA foreign_...', Array, Object(Closure))
#6 C:\\Users\\USER\\Documents\\GitHub\\Take-Home-Assessment\\laravel-project\\vendor\\laravel\\framework\\src\\Illuminate\\Database\\Connection.php(576): Illuminate\\Database\\Connection->run('PRAGMA foreign_...', Array, Object(Closure))
#7 C:\\Users\\USER\\Documents\\GitHub\\Take-Home-Assessment\\laravel-project\\vendor\\laravel\\framework\\src\\Illuminate\\Database\\Schema\\Builder.php(560): Illuminate\\Database\\Connection->statement('PRAGMA foreign_...')
#8 C:\\Users\\USER\\Documents\\GitHub\\Take-Home-Assessment\\laravel-project\\vendor\\laravel\\framework\\src\\Illuminate\\Database\\SQLiteConnection.php(36): Illuminate\\Database\\Schema\\Builder->enableForeignKeyConstraints()
#9 C:\\Users\\USER\\Documents\\GitHub\\Take-Home-Assessment\\laravel-project\\vendor\\laravel\\framework\\src\\Illuminate\\Database\\Connectors\\ConnectionFactory.php(272): Illuminate\\Database\\SQLiteConnection->__construct(Object(Closure), 'database.sqlite', '', Array)
#10 C:\\Users\\USER\\Documents\\GitHub\\Take-Home-Assessment\\laravel-project\\vendor\\laravel\\framework\\src\\Illuminate\\Database\\Connectors\\ConnectionFactory.php(75): Illuminate\\Database\\Connectors\\ConnectionFactory->createConnection('sqlite', Object(Closure), 'database.sqlite', '', Array)
#11 C:\\Users\\USER\\Documents\\GitHub\\Take-Home-Assessment\\laravel-project\\vendor\\laravel\\framework\\src\\Illuminate\\Database\\Connectors\\ConnectionFactory.php(50): Illuminate\\Database\\Connectors\\ConnectionFactory->createSingleConnection(Array)
#12 C:\\Users\\USER\\Documents\\GitHub\\Take-Home-Assessment\\laravel-project\\vendor\\laravel\\framework\\src\\Illuminate\\Database\\DatabaseManager.php(175): Illuminate\\Database\\Connectors\\ConnectionFactory->make(Array, 'sqlite')
#13 C:\\Users\\USER\\Documents\\GitHub\\Take-Home-Assessment\\laravel-project\\vendor\\laravel\\framework\\src\\Illuminate\\Database\\DatabaseManager.php(101): Illuminate\\Database\\DatabaseManager->makeConnection('sqlite')
#14 C:\\Users\\USER\\Documents\\GitHub\\Take-Home-Assessment\\laravel-project\\vendor\\laravel\\framework\\src\\Illuminate\\Session\\SessionManager.php(108): Illuminate\\Database\\DatabaseManager->connection('sqlite')
#15 C:\\Users\\USER\\Documents\\GitHub\\Take-Home-Assessment\\laravel-project\\vendor\\laravel\\framework\\src\\Illuminate\\Session\\SessionManager.php(95): Illuminate\\Session\\SessionManager->getDatabaseConnection()
#16 C:\\Users\\USER\\Documents\\GitHub\\Take-Home-Assessment\\laravel-project\\vendor\\laravel\\framework\\src\\Illuminate\\Support\\Manager.php(106): Illuminate\\Session\\SessionManager->createDatabaseDriver()
#17 C:\\Users\\USER\\Documents\\GitHub\\Take-Home-Assessment\\laravel-project\\vendor\\laravel\\framework\\src\\Illuminate\\Support\\Manager.php(80): Illuminate\\Support\\Manager->createDriver('database')
#18 C:\\Users\\USER\\Documents\\GitHub\\Take-Home-Assessment\\laravel-project\\vendor\\laravel\\framework\\src\\Illuminate\\Session\\SessionServiceProvider.php(52): Illuminate\\Support\\Manager->driver()
#19 C:\\Users\\USER\\Documents\\GitHub\\Take-Home-Assessment\\laravel-project\\vendor\\laravel\\framework\\src\\Illuminate\\Container\\Container.php(908): Illuminate\\Session\\SessionServiceProvider->{closure:Illuminate\\Session\\SessionServiceProvider::registerSessionDriver():48}(Object(Illuminate\\Foundation\\Application), Array)
#20 C:\\Users\\USER\\Documents\\GitHub\\Take-Home-Assessment\\laravel-project\\vendor\\laravel\\framework\\src\\Illuminate\\Container\\Container.php(795): Illuminate\\Container\\Container->build(Object(Closure))
#21 C:\\Users\\USER\\Documents\\GitHub\\Take-Home-Assessment\\laravel-project\\vendor\\laravel\\framework\\src\\Illuminate\\Foundation\\Application.php(986): Illuminate\\Container\\Container->resolve('session.store', Array, true)
#22 C:\\Users\\USER\\Documents\\GitHub\\Take-Home-Assessment\\laravel-project\\vendor\\laravel\\framework\\src\\Illuminate\\Container\\Container.php(731): Illuminate\\Foundation\\Application->resolve('session.store', Array)
#23 C:\\Users\\USER\\Documents\\GitHub\\Take-Home-Assessment\\laravel-project\\vendor\\laravel\\framework\\src\\Illuminate\\Foundation\\Application.php(971): Illuminate\\Container\\Container->make('session.store', Array)
#24 C:\\Users\\USER\\Documents\\GitHub\\Take-Home-Assessment\\laravel-project\\vendor\\laravel\\framework\\src\\Illuminate\\Container\\Container.php(1454): Illuminate\\Foundation\\Application->make('session.store')
#25 C:\\Users\\USER\\Documents\\GitHub\\Take-Home-Assessment\\laravel-project\\vendor\\laravel\\framework\\src\\Illuminate\\Routing\\RoutingServiceProvider.php(120): Illuminate\\Container\\Container->offsetGet('session.store')
#26 C:\\Users\\USER\\Documents\\GitHub\\Take-Home-Assessment\\laravel-project\\vendor\\laravel\\framework\\src\\Illuminate\\Container\\Container.php(908): Illuminate\\Routing\\RoutingServiceProvider->{closure:Illuminate\\Routing\\RoutingServiceProvider::registerRedirector():113}(Object(Illuminate\\Foundation\\Application), Array)
#27 C:\\Users\\USER\\Documents\\GitHub\\Take-Home-Assessment\\laravel-project\\vendor\\laravel\\framework\\src\\Illuminate\\Container\\Container.php(795): Illuminate\\Container\\Container->build(Object(Closure))
#28 C:\\Users\\USER\\Documents\\GitHub\\Take-Home-Assessment\\laravel-project\\vendor\\laravel\\framework\\src\\Illuminate\\Foundation\\Application.php(986): Illuminate\\Container\\Container->resolve('redirect', Array, true)
#29 C:\\Users\\USER\\Documents\\GitHub\\Take-Home-Assessment\\laravel-project\\vendor\\laravel\\framework\\src\\Illuminate\\Container\\Container.php(731): Illuminate\\Foundation\\Application->resolve('redirect', Array)
#30 C:\\Users\\USER\\Documents\\GitHub\\Take-Home-Assessment\\laravel-project\\vendor\\laravel\\framework\\src\\Illuminate\\Foundation\\Application.php(971): Illuminate\\Container\\Container->make('redirect', Array)
#31 C:\\Users\\USER\\Documents\\GitHub\\Take-Home-Assessment\\laravel-project\\vendor\\laravel\\framework\\src\\Illuminate\\Container\\Container.php(1454): Illuminate\\Foundation\\Application->make('redirect')
#32 C:\\Users\\USER\\Documents\\GitHub\\Take-Home-Assessment\\laravel-project\\vendor\\laravel\\framework\\src\\Illuminate\\Routing\\RoutingServiceProvider.php(182): Illuminate\\Container\\Container->offsetGet('redirect')
#33 C:\\Users\\USER\\Documents\\GitHub\\Take-Home-Assessment\\laravel-project\\vendor\\laravel\\framework\\src\\Illuminate\\Container\\Container.php(908): Illuminate\\Routing\\RoutingServiceProvider->{closure:Illuminate\\Routing\\RoutingServiceProvider::registerResponseFactory():181}(Object(Illuminate\\Foundation\\Application), Array)
#34 C:\\Users\\USER\\Documents\\GitHub\\Take-Home-Assessment\\laravel-project\\vendor\\laravel\\framework\\src\\Illuminate\\Container\\Container.php(795): Illuminate\\Container\\Container->build(Object(Closure))
#35 C:\\Users\\USER\\Documents\\GitHub\\Take-Home-Assessment\\laravel-project\\vendor\\laravel\\framework\\src\\Illuminate\\Foundation\\Application.php(986): Illuminate\\Container\\Container->resolve('Illuminate\\\\Cont...', Array, true)
#36 C:\\Users\\USER\\Documents\\GitHub\\Take-Home-Assessment\\laravel-project\\vendor\\laravel\\framework\\src\\Illuminate\\Container\\Container.php(731): Illuminate\\Foundation\\Application->resolve('Illuminate\\\\Cont...', Array)
#37 C:\\Users\\USER\\Documents\\GitHub\\Take-Home-Assessment\\laravel-project\\vendor\\laravel\\framework\\src\\Illuminate\\Foundation\\Application.php(971): Illuminate\\Container\\Container->make('Illuminate\\\\Cont...', Array)
#38 C:\\Users\\USER\\Documents\\GitHub\\Take-Home-Assessment\\laravel-project\\vendor\\laravel\\framework\\src\\Illuminate\\Foundation\\helpers.php(120): Illuminate\\Foundation\\Application->make('Illuminate\\\\Cont...', Array)
#39 C:\\Users\\USER\\Documents\\GitHub\\Take-Home-Assessment\\laravel-project\\vendor\\laravel\\framework\\src\\Illuminate\\Foundation\\helpers.php(790): app('Illuminate\\\\Cont...')
#40 C:\\Users\\USER\\Documents\\GitHub\\Take-Home-Assessment\\laravel-project\\vendor\\laravel\\framework\\src\\Illuminate\\Foundation\\Exceptions\\Handler.php(723): response()
#41 C:\\Users\\USER\\Documents\\GitHub\\Take-Home-Assessment\\laravel-project\\vendor\\laravel\\framework\\src\\Illuminate\\Foundation\\Exceptions\\Handler.php(650): Illuminate\\Foundation\\Exceptions\\Handler->renderHttpException(Object(Symfony\\Component\\HttpKernel\\Exception\\NotFoundHttpException))
#42 C:\\Users\\USER\\Documents\\GitHub\\Take-Home-Assessment\\laravel-project\\vendor\\laravel\\framework\\src\\Illuminate\\Foundation\\Exceptions\\Handler.php(556): Illuminate\\Foundation\\Exceptions\\Handler->prepareResponse(Object(Illuminate\\Http\\Request), Object(Symfony\\Component\\HttpKernel\\Exception\\NotFoundHttpException))
#43 C:\\Users\\USER\\Documents\\GitHub\\Take-Home-Assessment\\laravel-project\\vendor\\laravel\\framework\\src\\Illuminate\\Foundation\\Exceptions\\Handler.php(473): Illuminate\\Foundation\\Exceptions\\Handler->renderExceptionResponse(Object(Illuminate\\Http\\Request), Object(Symfony\\Component\\HttpKernel\\Exception\\NotFoundHttpException))
#44 C:\\Users\\USER\\Documents\\GitHub\\Take-Home-Assessment\\laravel-project\\vendor\\laravel\\framework\\src\\Illuminate\\Routing\\Pipeline.php(51): Illuminate\\Foundation\\Exceptions\\Handler->render(Object(Illuminate\\Http\\Request), Object(Symfony\\Component\\HttpKernel\\Exception\\NotFoundHttpException))
#45 C:\\Users\\USER\\Documents\\GitHub\\Take-Home-Assessment\\laravel-project\\vendor\\laravel\\framework\\src\\Illuminate\\Pipeline\\Pipeline.php(146): Illuminate\\Routing\\Pipeline->handleException(Object(Illuminate\\Http\\Request), Object(Symfony\\Component\\HttpKernel\\Exception\\NotFoundHttpException))
#46 C:\\Users\\USER\\Documents\\GitHub\\Take-Home-Assessment\\laravel-project\\vendor\\laravel\\framework\\src\\Illuminate\\Foundation\\Http\\Middleware\\TransformsRequest.php(21): Illuminate\\Pipeline\\Pipeline->{closure:Illuminate\\Pipeline\\Pipeline::prepareDestination():142}(Object(Illuminate\\Http\\Request))
#47 C:\\Users\\USER\\Documents\\GitHub\\Take-Home-Assessment\\laravel-project\\vendor\\laravel\\framework\\src\\Illuminate\\Foundation\\Http\\Middleware\\ConvertEmptyStringsToNull.php(31): Illuminate\\Foundation\\Http\\Middleware\\TransformsRequest->handle(Object(Illuminate\\Http\\Request), Object(Closure))
#48 C:\\Users\\USER\\Documents\\GitHub\\Take-Home-Assessment\\laravel-project\\vendor\\laravel\\framework\\src\\Illuminate\\Pipeline\\Pipeline.php(183): Illuminate\\Foundation\\Http\\Middleware\\ConvertEmptyStringsToNull->handle(Object(Illuminate\\Http\\Request), Object(Closure))
#49 C:\\Users\\USER\\Documents\\GitHub\\Take-Home-Assessment\\laravel-project\\vendor\\laravel\\framework\\src\\Illuminate\\Foundation\\Http\\Middleware\\TransformsRequest.php(21): Illuminate\\Pipeline\\Pipeline->{closure:{closure:Illuminate\\Pipeline\\Pipeline::carry():158}:159}(Object(Illuminate\\Http\\Request))
#50 C:\\Users\\USER\\Documents\\GitHub\\Take-Home-Assessment\\laravel-project\\vendor\\laravel\\framework\\src\\Illuminate\\Foundation\\Http\\Middleware\\TrimStrings.php(40): Illuminate\\Foundation\\Http\\Middleware\\TransformsRequest->handle(Object(Illuminate\\Http\\Request), Object(Closure))
#51 C:\\Users\\USER\\Documents\\GitHub\\Take-Home-Assessment\\laravel-project\\vendor\\laravel\\framework\\src\\Illuminate\\Pipeline\\Pipeline.php(183): Illuminate\\Foundation\\Http\\Middleware\\TrimStrings->handle(Object(Illuminate\\Http\\Request), Object(Closure))
#52 C:\\Users\\USER\\Documents\\GitHub\\Take-Home-Assessment\\laravel-project\\vendor\\laravel\\framework\\src\\Illuminate\\Foundation\\Http\\Middleware\\ValidatePostSize.php(27): Illuminate\\Pipeline\\Pipeline->{closure:{closure:Illuminate\\Pipeline\\Pipeline::carry():158}:159}(Object(Illuminate\\Http\\Request))
#53 C:\\Users\\USER\\Documents\\GitHub\\Take-Home-Assessment\\laravel-project\\vendor\\laravel\\framework\\src\\Illuminate\\Pipeline\\Pipeline.php(183): Illuminate\\Foundation\\Http\\Middleware\\ValidatePostSize->handle(Object(Illuminate\\Http\\Request), Object(Closure))
#54 C:\\Users\\USER\\Documents\\GitHub\\Take-Home-Assessment\\laravel-project\\vendor\\laravel\\framework\\src\\Illuminate\\Foundation\\Http\\Middleware\\PreventRequestsDuringMaintenance.php(99): Illuminate\\Pipeline\\Pipeline->{closure:{closure:Illuminate\\Pipeline\\Pipeline::carry():158}:159}(Object(Illuminate\\Http\\Request))
#55 C:\\Users\\USER\\Documents\\GitHub\\Take-Home-Assessment\\laravel-project\\vendor\\laravel\\framework\\src\\Illuminate\\Pipeline\\Pipeline.php(183): Illuminate\\Foundation\\Http\\Middleware\\PreventRequestsDuringMaintenance->handle(Object(Illuminate\\Http\\Request), Object(Closure))
#56 C:\\Users\\USER\\Documents\\GitHub\\Take-Home-Assessment\\laravel-project\\vendor\\laravel\\framework\\src\\Illuminate\\Http\\Middleware\\HandleCors.php(49): Illuminate\\Pipeline\\Pipeline->{closure:{closure:Illuminate\\Pipeline\\Pipeline::carry():158}:159}(Object(Illuminate\\Http\\Request))
#57 C:\\Users\\USER\\Documents\\GitHub\\Take-Home-Assessment\\laravel-project\\vendor\\laravel\\framework\\src\\Illuminate\\Pipeline\\Pipeline.php(183): Illuminate\\Http\\Middleware\\HandleCors->handle(Object(Illuminate\\Http\\Request), Object(Closure))
#58 C:\\Users\\USER\\Documents\\GitHub\\Take-Home-Assessment\\laravel-project\\vendor\\laravel\\framework\\src\\Illuminate\\Http\\Middleware\\TrustProxies.php(39): Illuminate\\Pipeline\\Pipeline->{closure:{closure:Illuminate\\Pipeline\\Pipeline::carry():158}:159}(Object(Illuminate\\Http\\Request))
#59 C:\\Users\\USER\\Documents\\GitHub\\Take-Home-Assessment\\laravel-project\\vendor\\laravel\\framework\\src\\Illuminate\\Pipeline\\Pipeline.php(183): Illuminate\\Http\\Middleware\\TrustProxies->handle(Object(Illuminate\\Http\\Request), Object(Closure))
#60 C:\\Users\\USER\\Documents\\GitHub\\Take-Home-Assessment\\laravel-project\\vendor\\laravel\\framework\\src\\Illuminate\\Pipeline\\Pipeline.php(119): Illuminate\\Pipeline\\Pipeline->{closure:{closure:Illuminate\\Pipeline\\Pipeline::carry():158}:159}(Object(Illuminate\\Http\\Request))
#61 C:\\Users\\USER\\Documents\\GitHub\\Take-Home-Assessment\\laravel-project\\vendor\\laravel\\framework\\src\\Illuminate\\Foundation\\Http\\Kernel.php(175): Illuminate\\Pipeline\\Pipeline->then(Object(Closure))
#62 C:\\Users\\USER\\Documents\\GitHub\\Take-Home-Assessment\\laravel-project\\vendor\\laravel\\framework\\src\\Illuminate\\Foundation\\Http\\Kernel.php(144): Illuminate\\Foundation\\Http\\Kernel->sendRequestThroughRouter(Object(Illuminate\\Http\\Request))
#63 C:\\Users\\USER\\Documents\\GitHub\\Take-Home-Assessment\\laravel-project\\public\\index.php(50): Illuminate\\Foundation\\Http\\Kernel->handle(Object(Illuminate\\Http\\Request))
#64 C:\\Users\\USER\\Documents\\GitHub\\Take-Home-Assessment\\laravel-project\\vendor\\laravel\\framework\\src\\Illuminate\\Foundation\\resources\\server.php(16): require_once('C:\\\\Users\\\\USER\\\\D...')
#65 {main}
"} 
[2025-11-20 14:02:53] laravel.EMERGENCY: Unable to create configured logger. Using emergency logger. {"exception":"[object] (InvalidArgumentException(code: 0): Log [] is not defined. at C:\\Users\\USER\\Documents\\GitHub\\Take-Home-Assessment\\laravel-project\\vendor\\laravel\\framework\\src\\Illuminate\\Log\\LogManager.php:212)
[stacktrace]
#0 C:\\Users\\USER\\Documents\\GitHub\\Take-Home-Assessment\\laravel-project\\vendor\\laravel\\framework\\src\\Illuminate\\Log\\LogManager.php(137): Illuminate\\Log\\LogManager->resolve(NULL, NULL)
#1 C:\\Users\\USER\\Documents\\GitHub\\Take-Home-Assessment\\laravel-project\\vendor\\laravel\\framework\\src\\Illuminate\\Log\\LogManager.php(124): Illuminate\\Log\\LogManager->get(NULL)
#2 C:\\Users\\USER\\Documents\\GitHub\\Take-Home-Assessment\\laravel-project\\vendor\\laravel\\framework\\src\\Illuminate\\Log\\LogManager.php(681): Illuminate\\Log\\LogManager->driver()
#3 C:\\Users\\USER\\Documents\\GitHub\\Take-Home-Assessment\\laravel-project\\vendor\\laravel\\framework\\src\\Illuminate\\Foundation\\Exceptions\\Handler.php(317): Illuminate\\Log\\LogManager->error('Database file a...', Array)
#4 C:\\Users\\USER\\Documents\\GitHub\\Take-Home-Assessment\\laravel-project\\vendor\\laravel\\framework\\src\\Illuminate\\Foundation\\Exceptions\\Handler.php(278): Illuminate\\Foundation\\Exceptions\\Handler->reportThrowable(Object(Illuminate\\Database\\QueryException))
#5 C:\\Users\\USER\\Documents\\GitHub\\Take-Home-Assessment\\laravel-project\\vendor\\laravel\\framework\\src\\Illuminate\\Routing\\Pipeline.php(49): Illuminate\\Foundation\\Exceptions\\Handler->report(Object(Illuminate\\Database\\QueryException))
#6 C:\\Users\\USER\\Documents\\GitHub\\Take-Home-Assessment\\laravel-project\\vendor\\laravel\\framework\\src\\Illuminate\\Pipeline\\Pipeline.php(188): Illuminate\\Routing\\Pipeline->handleException(Object(Illuminate\\Http\\Request), Object(Illuminate\\Database\\QueryException))
#7 C:\\Users\\USER\\Documents\\GitHub\\Take-Home-Assessment\\laravel-project\\vendor\\laravel\\framework\\src\\Illuminate\\Foundation\\Http\\Middleware\\TransformsRequest.php(21): Illuminate\\Pipeline\\Pipeline->{closure:{closure:Illuminate\\Pipeline\\Pipeline::carry():158}:159}(Object(Illuminate\\Http\\Request))
#8 C:\\Users\\USER\\Documents\\GitHub\\Take-Home-Assessment\\laravel-project\\vendor\\laravel\\framework\\src\\Illuminate\\Foundation\\Http\\Middleware\\TrimStrings.php(40): Illuminate\\Foundation\\Http\\Middleware\\TransformsRequest->handle(Object(Illuminate\\Http\\Request), Object(Closure))
#9 C:\\Users\\USER\\Documents\\GitHub\\Take-Home-Assessment\\laravel-project\\vendor\\laravel\\framework\\src\\Illuminate\\Pipeline\\Pipeline.php(183): Illuminate\\Foundation\\Http\\Middleware\\TrimStrings->handle(Object(Illuminate\\Http\\Request), Object(Closure))
#10 C:\\Users\\USER\\Documents\\GitHub\\Take-Home-Assessment\\laravel-project\\vendor\\laravel\\framework\\src\\Illuminate\\Foundation\\Http\\Middleware\\ValidatePostSize.php(27): Illuminate\\Pipeline\\Pipeline->{closure:{closure:Illuminate\\Pipeline\\Pipeline::carry():158}:159}(Object(Illuminate\\Http\\Request))
#11 C:\\Users\\USER\\Documents\\GitHub\\Take-Home-Assessment\\laravel-project\\vendor\\laravel\\framework\\src\\Illuminate\\Pipeline\\Pipeline.php(183): Illuminate\\Foundation\\Http\\Middleware\\ValidatePostSize->handle(Object(Illuminate\\Http\\Request), Object(Closure))
#12 C:\\Users\\USER\\Documents\\GitHub\\Take-Home-Assessment\\laravel-project\\vendor\\laravel\\framework\\src\\Illuminate\\Foundation\\Http\\Middleware\\PreventRequestsDuringMaintenance.php(99): Illuminate\\Pipeline\\Pipeline->{closure:{closure:Illuminate\\Pipeline\\Pipeline::carry():158}:159}(Object(Illuminate\\Http\\Request))
#13 C:\\Users\\USER\\Documents\\GitHub\\Take-Home-Assessment\\laravel-project\\vendor\\laravel\\framework\\src\\Illuminate\\Pipeline\\Pipeline.php(183): Illuminate\\Foundation\\Http\\Middleware\\PreventRequestsDuringMaintenance->handle(Object(Illuminate\\Http\\Request), Object(Closure))
#14 C:\\Users\\USER\\Documents\\GitHub\\Take-Home-Assessment\\laravel-project\\vendor\\laravel\\framework\\src\\Illuminate\\Http\\Middleware\\HandleCors.php(49): Illuminate\\Pipeline\\Pipeline->{closure:{closure:Illuminate\\Pipeline\\Pipeline::carry():158}:159}(Object(Illuminate\\Http\\Request))
#15 C:\\Users\\USER\\Documents\\GitHub\\Take-Home-Assessment\\laravel-project\\vendor\\laravel\\framework\\src\\Illuminate\\Pipeline\\Pipeline.php(183): Illuminate\\Http\\Middleware\\HandleCors->handle(Object(Illuminate\\Http\\Request), Object(Closure))
#16 C:\\Users\\USER\\Documents\\GitHub\\Take-Home-Assessment\\laravel-project\\vendor\\laravel\\framework\\src\\Illuminate\\Http\\Middleware\\TrustProxies.php(39): Illuminate\\Pipeline\\Pipeline->{closure:{closure:Illuminate\\Pipeline\\Pipeline::carry():158}:159}(Object(Illuminate\\Http\\Request))
#17 C:\\Users\\USER\\Documents\\GitHub\\Take-Home-Assessment\\laravel-project\\vendor\\laravel\\framework\\src\\Illuminate\\Pipeline\\Pipeline.php(183): Illuminate\\Http\\Middleware\\TrustProxies->handle(Object(Illuminate\\Http\\Request), Object(Closure))
#18 C:\\Users\\USER\\Documents\\GitHub\\Take-Home-Assessment\\laravel-project\\vendor\\laravel\\framework\\src\\Illuminate\\Pipeline\\Pipeline.php(119): Illuminate\\Pipeline\\Pipeline->{closure:{closure:Illuminate\\Pipeline\\Pipeline::carry():158}:159}(Object(Illuminate\\Http\\Request))
#19 C:\\Users\\USER\\Documents\\GitHub\\Take-Home-Assessment\\laravel-project\\vendor\\laravel\\framework\\src\\Illuminate\\Foundation\\Http\\Kernel.php(175): Illuminate\\Pipeline\\Pipeline->then(Object(Closure))
#20 C:\\Users\\USER\\Documents\\GitHub\\Take-Home-Assessment\\laravel-project\\vendor\\laravel\\framework\\src\\Illuminate\\Foundation\\Http\\Kernel.php(144): Illuminate\\Foundation\\Http\\Kernel->sendRequestThroughRouter(Object(Illuminate\\Http\\Request))
#21 C:\\Users\\USER\\Documents\\GitHub\\Take-Home-Assessment\\laravel-project\\public\\index.php(50): Illuminate\\Foundation\\Http\\Kernel->handle(Object(Illuminate\\Http\\Request))
#22 C:\\Users\\USER\\Documents\\GitHub\\Take-Home-Assessment\\laravel-project\\vendor\\laravel\\framework\\src\\Illuminate\\Foundation\\resources\\server.php(16): require_once('C:\\\\Users\\\\USER\\\\D...')
#23 {main}
"} 
[2025-11-20 14:02:53] laravel.ERROR: Database file at path [C:\Users\USER\Documents\GitHub\Take-Home-Assessment\laravel-project\database\database.sqlite] does not exist. Ensure this is an absolute path to the database. (Connection: sqlite, SQL: PRAGMA foreign_keys = ON;) {"exception":"[object] (Illuminate\\Database\\QueryException(code: 0): Database file at path [C:\\Users\\USER\\Documents\\GitHub\\Take-Home-Assessment\\laravel-project\\database\\database.sqlite] does not exist. Ensure this is an absolute path to the database. (Connection: sqlite, SQL: PRAGMA foreign_keys = ON;) at C:\\Users\\USER\\Documents\\GitHub\\Take-Home-Assessment\\laravel-project\\vendor\\laravel\\framework\\src\\Illuminate\\Database\\Connection.php:829)
[stacktrace]
#0 C:\\Users\\USER\\Documents\\GitHub\\Take-Home-Assessment\\laravel-project\\vendor\\laravel\\framework\\src\\Illuminate\\Database\\Connection.php(783): Illuminate\\Database\\Connection->runQueryCallback('PRAGMA foreign_...', Array, Object(Closure))
#1 C:\\Users\\USER\\Documents\\GitHub\\Take-Home-Assessment\\laravel-project\\vendor\\laravel\\framework\\src\\Illuminate\\Database\\Connection.php(576): Illuminate\\Database\\Connection->run('PRAGMA foreign_...', Array, Object(Closure))
#2 C:\\Users\\USER\\Documents\\GitHub\\Take-Home-Assessment\\laravel-project\\vendor\\laravel\\framework\\src\\Illuminate\\Database\\Schema\\Builder.php(560): Illuminate\\Database\\Connection->statement('PRAGMA foreign_...')
#3 C:\\Users\\USER\\Documents\\GitHub\\Take-Home-Assessment\\laravel-project\\vendor\\laravel\\framework\\src\\Illuminate\\Database\\SQLiteConnection.php(36): Illuminate\\Database\\Schema\\Builder->enableForeignKeyConstraints()
#4 C:\\Users\\USER\\Documents\\GitHub\\Take-Home-Assessment\\laravel-project\\vendor\\laravel\\framework\\src\\Illuminate\\Database\\Connectors\\ConnectionFactory.php(272): Illuminate\\Database\\SQLiteConnection->__construct(Object(Closure), 'C:\\\\Users\\\\USER\\\\D...', '', Array)
#5 C:\\Users\\USER\\Documents\\GitHub\\Take-Home-Assessment\\laravel-project\\vendor\\laravel\\framework\\src\\Illuminate\\Database\\Connectors\\ConnectionFactory.php(75): Illuminate\\Database\\Connectors\\ConnectionFactory->createConnection('sqlite', Object(Closure), 'C:\\\\Users\\\\USER\\\\D...', '', Array)
#6 C:\\Users\\USER\\Documents\\GitHub\\Take-Home-Assessment\\laravel-project\\vendor\\laravel\\framework\\src\\Illuminate\\Database\\Connectors\\ConnectionFactory.php(50): Illuminate\\Database\\Connectors\\ConnectionFactory->createSingleConnection(Array)
#7 C:\\Users\\USER\\Documents\\GitHub\\Take-Home-Assessment\\laravel-project\\vendor\\laravel\\framework\\src\\Illuminate\\Database\\DatabaseManager.php(175): Illuminate\\Database\\Connectors\\ConnectionFactory->make(Array, 'sqlite')
#8 C:\\Users\\USER\\Documents\\GitHub\\Take-Home-Assessment\\laravel-project\\vendor\\laravel\\framework\\src\\Illuminate\\Database\\DatabaseManager.php(101): Illuminate\\Database\\DatabaseManager->makeConnection('sqlite')
#9 C:\\Users\\USER\\Documents\\GitHub\\Take-Home-Assessment\\laravel-project\\vendor\\laravel\\framework\\src\\Illuminate\\Session\\SessionManager.php(108): Illuminate\\Database\\DatabaseManager->connection('sqlite')
#10 C:\\Users\\USER\\Documents\\GitHub\\Take-Home-Assessment\\laravel-project\\vendor\\laravel\\framework\\src\\Illuminate\\Session\\SessionManager.php(95): Illuminate\\Session\\SessionManager->getDatabaseConnection()
#11 C:\\Users\\USER\\Documents\\GitHub\\Take-Home-Assessment\\laravel-project\\vendor\\laravel\\framework\\src\\Illuminate\\Support\\Manager.php(106): Illuminate\\Session\\SessionManager->createDatabaseDriver()
#12 C:\\Users\\USER\\Documents\\GitHub\\Take-Home-Assessment\\laravel-project\\vendor\\laravel\\framework\\src\\Illuminate\\Support\\Manager.php(80): Illuminate\\Support\\Manager->createDriver('database')
#13 C:\\Users\\USER\\Documents\\GitHub\\Take-Home-Assessment\\laravel-project\\vendor\\laravel\\framework\\src\\Illuminate\\Session\\SessionServiceProvider.php(52): Illuminate\\Support\\Manager->driver()
#14 C:\\Users\\USER\\Documents\\GitHub\\Take-Home-Assessment\\laravel-project\\vendor\\laravel\\framework\\src\\Illuminate\\Container\\Container.php(908): Illuminate\\Session\\SessionServiceProvider->{closure:Illuminate\\Session\\SessionServiceProvider::registerSessionDriver():48}(Object(Illuminate\\Foundation\\Application), Array)
#15 C:\\Users\\USER\\Documents\\GitHub\\Take-Home-Assessment\\laravel-project\\vendor\\laravel\\framework\\src\\Illuminate\\Container\\Container.php(795): Illuminate\\Container\\Container->build(Object(Closure))
#16 C:\\Users\\USER\\Documents\\GitHub\\Take-Home-Assessment\\laravel-project\\vendor\\laravel\\framework\\src\\Illuminate\\Foundation\\Application.php(986): Illuminate\\Container\\Container->resolve('session.store', Array, true)
#17 C:\\Users\\USER\\Documents\\GitHub\\Take-Home-Assessment\\laravel-project\\vendor\\laravel\\framework\\src\\Illuminate\\Container\\Container.php(731): Illuminate\\Foundation\\Application->resolve('session.store', Array)
#18 C:\\Users\\USER\\Documents\\GitHub\\Take-Home-Assessment\\laravel-project\\vendor\\laravel\\framework\\src\\Illuminate\\Foundation\\Application.php(971): Illuminate\\Container\\Container->make('session.store', Array)
#19 C:\\Users\\USER\\Documents\\GitHub\\Take-Home-Assessment\\laravel-project\\vendor\\laravel\\framework\\src\\Illuminate\\Container\\Container.php(1454): Illuminate\\Foundation\\Application->make('session.store')
#20 C:\\Users\\USER\\Documents\\GitHub\\Take-Home-Assessment\\laravel-project\\vendor\\laravel\\framework\\src\\Illuminate\\Routing\\RoutingServiceProvider.php(120): Illuminate\\Container\\Container->offsetGet('session.store')
#21 C:\\Users\\USER\\Documents\\GitHub\\Take-Home-Assessment\\laravel-project\\vendor\\laravel\\framework\\src\\Illuminate\\Container\\Container.php(908): Illuminate\\Routing\\RoutingServiceProvider->{closure:Illuminate\\Routing\\RoutingServiceProvider::registerRedirector():113}(Object(Illuminate\\Foundation\\Application), Array)
#22 C:\\Users\\USER\\Documents\\GitHub\\Take-Home-Assessment\\laravel-project\\vendor\\laravel\\framework\\src\\Illuminate\\Container\\Container.php(795): Illuminate\\Container\\Container->build(Object(Closure))
#23 C:\\Users\\USER\\Documents\\GitHub\\Take-Home-Assessment\\laravel-project\\vendor\\laravel\\framework\\src\\Illuminate\\Foundation\\Application.php(986): Illuminate\\Container\\Container->resolve('redirect', Array, true)
#24 C:\\Users\\USER\\Documents\\GitHub\\Take-Home-Assessment\\laravel-project\\vendor\\laravel\\framework\\src\\Illuminate\\Container\\Container.php(731): Illuminate\\Foundation\\Application->resolve('redirect', Array)
#25 C:\\Users\\USER\\Documents\\GitHub\\Take-Home-Assessment\\laravel-project\\vendor\\laravel\\framework\\src\\Illuminate\\Foundation\\Application.php(971): Illuminate\\Container\\Container->make('redirect', Array)
#26 C:\\Users\\USER\\Documents\\GitHub\\Take-Home-Assessment\\laravel-project\\vendor\\laravel\\framework\\src\\Illuminate\\Container\\Container.php(1454): Illuminate\\Foundation\\Application->make('redirect')
#27 C:\\Users\\USER\\Documents\\GitHub\\Take-Home-Assessment\\laravel-project\\vendor\\laravel\\framework\\src\\Illuminate\\Routing\\RoutingServiceProvider.php(182): Illuminate\\Container\\Container->offsetGet('redirect')
#28 C:\\Users\\USER\\Documents\\GitHub\\Take-Home-Assessment\\laravel-project\\vendor\\laravel\\framework\\src\\Illuminate\\Container\\Container.php(908): Illuminate\\Routing\\RoutingServiceProvider->{closure:Illuminate\\Routing\\RoutingServiceProvider::registerResponseFactory():181}(Object(Illuminate\\Foundation\\Application), Array)
#29 C:\\Users\\USER\\Documents\\GitHub\\Take-Home-Assessment\\laravel-project\\vendor\\laravel\\framework\\src\\Illuminate\\Container\\Container.php(795): Illuminate\\Container\\Container->build(Object(Closure))
#30 C:\\Users\\USER\\Documents\\GitHub\\Take-Home-Assessment\\laravel-project\\vendor\\laravel\\framework\\src\\Illuminate\\Foundation\\Application.php(986): Illuminate\\Container\\Container->resolve('Illuminate\\\\Cont...', Array, true)
#31 C:\\Users\\USER\\Documents\\GitHub\\Take-Home-Assessment\\laravel-project\\vendor\\laravel\\framework\\src\\Illuminate\\Container\\Container.php(731): Illuminate\\Foundation\\Application->resolve('Illuminate\\\\Cont...', Array)
#32 C:\\Users\\USER\\Documents\\GitHub\\Take-Home-Assessment\\laravel-project\\vendor\\laravel\\framework\\src\\Illuminate\\Foundation\\Application.php(971): Illuminate\\Container\\Container->make('Illuminate\\\\Cont...', Array)
#33 C:\\Users\\USER\\Documents\\GitHub\\Take-Home-Assessment\\laravel-project\\vendor\\laravel\\framework\\src\\Illuminate\\Foundation\\helpers.php(120): Illuminate\\Foundation\\Application->make('Illuminate\\\\Cont...', Array)
#34 C:\\Users\\USER\\Documents\\GitHub\\Take-Home-Assessment\\laravel-project\\vendor\\laravel\\framework\\src\\Illuminate\\Foundation\\helpers.php(790): app('Illuminate\\\\Cont...')
#35 C:\\Users\\USER\\Documents\\GitHub\\Take-Home-Assessment\\laravel-project\\vendor\\laravel\\framework\\src\\Illuminate\\Foundation\\Exceptions\\Handler.php(723): response()
#36 C:\\Users\\USER\\Documents\\GitHub\\Take-Home-Assessment\\laravel-project\\vendor\\laravel\\framework\\src\\Illuminate\\Foundation\\Exceptions\\Handler.php(650): Illuminate\\Foundation\\Exceptions\\Handler->renderHttpException(Object(Symfony\\Component\\HttpKernel\\Exception\\NotFoundHttpException))
#37 C:\\Users\\USER\\Documents\\GitHub\\Take-Home-Assessment\\laravel-project\\vendor\\laravel\\framework\\src\\Illuminate\\Foundation\\Exceptions\\Handler.php(556): Illuminate\\Foundation\\Exceptions\\Handler->prepareResponse(Object(Illuminate\\Http\\Request), Object(Symfony\\Component\\HttpKernel\\Exception\\NotFoundHttpException))
#38 C:\\Users\\USER\\Documents\\GitHub\\Take-Home-Assessment\\laravel-project\\vendor\\laravel\\framework\\src\\Illuminate\\Foundation\\Exceptions\\Handler.php(473): Illuminate\\Foundation\\Exceptions\\Handler->renderExceptionResponse(Object(Illuminate\\Http\\Request), Object(Symfony\\Component\\HttpKernel\\Exception\\NotFoundHttpException))
#39 C:\\Users\\USER\\Documents\\GitHub\\Take-Home-Assessment\\laravel-project\\vendor\\laravel\\framework\\src\\Illuminate\\Routing\\Pipeline.php(51): Illuminate\\Foundation\\Exceptions\\Handler->render(Object(Illuminate\\Http\\Request), Object(Symfony\\Component\\HttpKernel\\Exception\\NotFoundHttpException))
#40 C:\\Users\\USER\\Documents\\GitHub\\Take-Home-Assessment\\laravel-project\\vendor\\laravel\\framework\\src\\Illuminate\\Pipeline\\Pipeline.php(146): Illuminate\\Routing\\Pipeline->handleException(Object(Illuminate\\Http\\Request), Object(Symfony\\Component\\HttpKernel\\Exception\\NotFoundHttpException))
#41 C:\\Users\\USER\\Documents\\GitHub\\Take-Home-Assessment\\laravel-project\\vendor\\laravel\\framework\\src\\Illuminate\\Foundation\\Http\\Middleware\\TransformsRequest.php(21): Illuminate\\Pipeline\\Pipeline->{closure:Illuminate\\Pipeline\\Pipeline::prepareDestination():142}(Object(Illuminate\\Http\\Request))
#42 C:\\Users\\USER\\Documents\\GitHub\\Take-Home-Assessment\\laravel-project\\vendor\\laravel\\framework\\src\\Illuminate\\Foundation\\Http\\Middleware\\ConvertEmptyStringsToNull.php(31): Illuminate\\Foundation\\Http\\Middleware\\TransformsRequest->handle(Object(Illuminate\\Http\\Request), Object(Closure))
#43 C:\\Users\\USER\\Documents\\GitHub\\Take-Home-Assessment\\laravel-project\\vendor\\laravel\\framework\\src\\Illuminate\\Pipeline\\Pipeline.php(183): Illuminate\\Foundation\\Http\\Middleware\\ConvertEmptyStringsToNull->handle(Object(Illuminate\\Http\\Request), Object(Closure))
#44 C:\\Users\\USER\\Documents\\GitHub\\Take-Home-Assessment\\laravel-project\\vendor\\laravel\\framework\\src\\Illuminate\\Foundation\\Http\\Middleware\\TransformsRequest.php(21): Illuminate\\Pipeline\\Pipeline->{closure:{closure:Illuminate\\Pipeline\\Pipeline::carry():158}:159}(Object(Illuminate\\Http\\Request))
#45 C:\\Users\\USER\\Documents\\GitHub\\Take-Home-Assessment\\laravel-project\\vendor\\laravel\\framework\\src\\Illuminate\\Foundation\\Http\\Middleware\\TrimStrings.php(40): Illuminate\\Foundation\\Http\\Middleware\\TransformsRequest->handle(Object(Illuminate\\Http\\Request), Object(Closure))
#46 C:\\Users\\USER\\Documents\\GitHub\\Take-Home-Assessment\\laravel-project\\vendor\\laravel\\framework\\src\\Illuminate\\Pipeline\\Pipeline.php(183): Illuminate\\Foundation\\Http\\Middleware\\TrimStrings->handle(Object(Illuminate\\Http\\Request), Object(Closure))
#47 C:\\Users\\USER\\Documents\\GitHub\\Take-Home-Assessment\\laravel-project\\vendor\\laravel\\framework\\src\\Illuminate\\Foundation\\Http\\Middleware\\ValidatePostSize.php(27): Illuminate\\Pipeline\\Pipeline->{closure:{closure:Illuminate\\Pipeline\\Pipeline::carry():158}:159}(Object(Illuminate\\Http\\Request))
#48 C:\\Users\\USER\\Documents\\GitHub\\Take-Home-Assessment\\laravel-project\\vendor\\laravel\\framework\\src\\Illuminate\\Pipeline\\Pipeline.php(183): Illuminate\\Foundation\\Http\\Middleware\\ValidatePostSize->handle(Object(Illuminate\\Http\\Request), Object(Closure))
#49 C:\\Users\\USER\\Documents\\GitHub\\Take-Home-Assessment\\laravel-project\\vendor\\laravel\\framework\\src\\Illuminate\\Foundation\\Http\\Middleware\\PreventRequestsDuringMaintenance.php(99): Illuminate\\Pipeline\\Pipeline->{closure:{closure:Illuminate\\Pipeline\\Pipeline::carry():158}:159}(Object(Illuminate\\Http\\Request))
#50 C:\\Users\\USER\\Documents\\GitHub\\Take-Home-Assessment\\laravel-project\\vendor\\laravel\\framework\\src\\Illuminate\\Pipeline\\Pipeline.php(183): Illuminate\\Foundation\\Http\\Middleware\\PreventRequestsDuringMaintenance->handle(Object(Illuminate\\Http\\Request), Object(Closure))
#51 C:\\Users\\USER\\Documents\\GitHub\\Take-Home-Assessment\\laravel-project\\vendor\\laravel\\framework\\src\\Illuminate\\Http\\Middleware\\HandleCors.php(49): Illuminate\\Pipeline\\Pipeline->{closure:{closure:Illuminate\\Pipeline\\Pipeline::carry():158}:159}(Object(Illuminate\\Http\\Request))
#52 C:\\Users\\USER\\Documents\\GitHub\\Take-Home-Assessment\\laravel-project\\vendor\\laravel\\framework\\src\\Illuminate\\Pipeline\\Pipeline.php(183): Illuminate\\Http\\Middleware\\HandleCors->handle(Object(Illuminate\\Http\\Request), Object(Closure))
#53 C:\\Users\\USER\\Documents\\GitHub\\Take-Home-Assessment\\laravel-project\\vendor\\laravel\\framework\\src\\Illuminate\\Http\\Middleware\\TrustProxies.php(39): Illuminate\\Pipeline\\Pipeline->{closure:{closure:Illuminate\\Pipeline\\Pipeline::carry():158}:159}(Object(Illuminate\\Http\\Request))
#54 C:\\Users\\USER\\Documents\\GitHub\\Take-Home-Assessment\\laravel-project\\vendor\\laravel\\framework\\src\\Illuminate\\Pipeline\\Pipeline.php(183): Illuminate\\Http\\Middleware\\TrustProxies->handle(Object(Illuminate\\Http\\Request), Object(Closure))
#55 C:\\Users\\USER\\Documents\\GitHub\\Take-Home-Assessment\\laravel-project\\vendor\\laravel\\framework\\src\\Illuminate\\Pipeline\\Pipeline.php(119): Illuminate\\Pipeline\\Pipeline->{closure:{closure:Illuminate\\Pipeline\\Pipeline::carry():158}:159}(Object(Illuminate\\Http\\Request))
#56 C:\\Users\\USER\\Documents\\GitHub\\Take-Home-Assessment\\laravel-project\\vendor\\laravel\\framework\\src\\Illuminate\\Foundation\\Http\\Kernel.php(175): Illuminate\\Pipeline\\Pipeline->then(Object(Closure))
#57 C:\\Users\\USER\\Documents\\GitHub\\Take-Home-Assessment\\laravel-project\\vendor\\laravel\\framework\\src\\Illuminate\\Foundation\\Http\\Kernel.php(144): Illuminate\\Foundation\\Http\\Kernel->sendRequestThroughRouter(Object(Illuminate\\Http\\Request))
#58 C:\\Users\\USER\\Documents\\GitHub\\Take-Home-Assessment\\laravel-project\\public\\index.php(50): Illuminate\\Foundation\\Http\\Kernel->handle(Object(Illuminate\\Http\\Request))
#59 C:\\Users\\USER\\Documents\\GitHub\\Take-Home-Assessment\\laravel-project\\vendor\\laravel\\framework\\src\\Illuminate\\Foundation\\resources\\server.php(16): require_once('C:\\\\Users\\\\USER\\\\D...')
#60 {main}

[previous exception] [object] (Illuminate\\Database\\SQLiteDatabaseDoesNotExistException(code: 0): Database file at path [C:\\Users\\USER\\Documents\\GitHub\\Take-Home-Assessment\\laravel-project\\database\\database.sqlite] does not exist. Ensure this is an absolute path to the database. at C:\\Users\\USER\\Documents\\GitHub\\Take-Home-Assessment\\laravel-project\\vendor\\laravel\\framework\\src\\Illuminate\\Database\\Connectors\\SQLiteConnector.php:34)
[stacktrace]
#0 C:\\Users\\USER\\Documents\\GitHub\\Take-Home-Assessment\\laravel-project\\vendor\\laravel\\framework\\src\\Illuminate\\Database\\Connectors\\ConnectionFactory.php(221): Illuminate\\Database\\Connectors\\SQLiteConnector->connect(Array)
#1 [internal function]: Illuminate\\Database\\Connectors\\ConnectionFactory->{closure:Illuminate\\Database\\Connectors\\ConnectionFactory::createPdoResolverWithoutHosts():221}()
#2 C:\\Users\\USER\\Documents\\GitHub\\Take-Home-Assessment\\laravel-project\\vendor\\laravel\\framework\\src\\Illuminate\\Database\\Connection.php(1339): call_user_func(Object(Closure))
#3 C:\\Users\\USER\\Documents\\GitHub\\Take-Home-Assessment\\laravel-project\\vendor\\laravel\\framework\\src\\Illuminate\\Database\\Connection.php(581): Illuminate\\Database\\Connection->getPdo()
#4 C:\\Users\\USER\\Documents\\GitHub\\Take-Home-Assessment\\laravel-project\\vendor\\laravel\\framework\\src\\Illuminate\\Database\\Connection.php(816): Illuminate\\Database\\Connection->{closure:Illuminate\\Database\\Connection::statement():576}('PRAGMA foreign_...', Array)
#5 C:\\Users\\USER\\Documents\\GitHub\\Take-Home-Assessment\\laravel-project\\vendor\\laravel\\framework\\src\\Illuminate\\Database\\Connection.php(783): Illuminate\\Database\\Connection->runQueryCallback('PRAGMA foreign_...', Array, Object(Closure))
#6 C:\\Users\\USER\\Documents\\GitHub\\Take-Home-Assessment\\laravel-project\\vendor\\laravel\\framework\\src\\Illuminate\\Database\\Connection.php(576): Illuminate\\Database\\Connection->run('PRAGMA foreign_...', Array, Object(Closure))
#7 C:\\Users\\USER\\Documents\\GitHub\\Take-Home-Assessment\\laravel-project\\vendor\\laravel\\framework\\src\\Illuminate\\Database\\Schema\\Builder.php(560): Illuminate\\Database\\Connection->statement('PRAGMA foreign_...')
#8 C:\\Users\\USER\\Documents\\GitHub\\Take-Home-Assessment\\laravel-project\\vendor\\laravel\\framework\\src\\Illuminate\\Database\\SQLiteConnection.php(36): Illuminate\\Database\\Schema\\Builder->enableForeignKeyConstraints()
#9 C:\\Users\\USER\\Documents\\GitHub\\Take-Home-Assessment\\laravel-project\\vendor\\laravel\\framework\\src\\Illuminate\\Database\\Connectors\\ConnectionFactory.php(272): Illuminate\\Database\\SQLiteConnection->__construct(Object(Closure), 'C:\\\\Users\\\\USER\\\\D...', '', Array)
#10 C:\\Users\\USER\\Documents\\GitHub\\Take-Home-Assessment\\laravel-project\\vendor\\laravel\\framework\\src\\Illuminate\\Database\\Connectors\\ConnectionFactory.php(75): Illuminate\\Database\\Connectors\\ConnectionFactory->createConnection('sqlite', Object(Closure), 'C:\\\\Users\\\\USER\\\\D...', '', Array)
#11 C:\\Users\\USER\\Documents\\GitHub\\Take-Home-Assessment\\laravel-project\\vendor\\laravel\\framework\\src\\Illuminate\\Database\\Connectors\\ConnectionFactory.php(50): Illuminate\\Database\\Connectors\\ConnectionFactory->createSingleConnection(Array)
#12 C:\\Users\\USER\\Documents\\GitHub\\Take-Home-Assessment\\laravel-project\\vendor\\laravel\\framework\\src\\Illuminate\\Database\\DatabaseManager.php(175): Illuminate\\Database\\Connectors\\ConnectionFactory->make(Array, 'sqlite')
#13 C:\\Users\\USER\\Documents\\GitHub\\Take-Home-Assessment\\laravel-project\\vendor\\laravel\\framework\\src\\Illuminate\\Database\\DatabaseManager.php(101): Illuminate\\Database\\DatabaseManager->makeConnection('sqlite')
#14 C:\\Users\\USER\\Documents\\GitHub\\Take-Home-Assessment\\laravel-project\\vendor\\laravel\\framework\\src\\Illuminate\\Session\\SessionManager.php(108): Illuminate\\Database\\DatabaseManager->connection('sqlite')
#15 C:\\Users\\USER\\Documents\\GitHub\\Take-Home-Assessment\\laravel-project\\vendor\\laravel\\framework\\src\\Illuminate\\Session\\SessionManager.php(95): Illuminate\\Session\\SessionManager->getDatabaseConnection()
#16 C:\\Users\\USER\\Documents\\GitHub\\Take-Home-Assessment\\laravel-project\\vendor\\laravel\\framework\\src\\Illuminate\\Support\\Manager.php(106): Illuminate\\Session\\SessionManager->createDatabaseDriver()
#17 C:\\Users\\USER\\Documents\\GitHub\\Take-Home-Assessment\\laravel-project\\vendor\\laravel\\framework\\src\\Illuminate\\Support\\Manager.php(80): Illuminate\\Support\\Manager->createDriver('database')
#18 C:\\Users\\USER\\Documents\\GitHub\\Take-Home-Assessment\\laravel-project\\vendor\\laravel\\framework\\src\\Illuminate\\Session\\SessionServiceProvider.php(52): Illuminate\\Support\\Manager->driver()
#19 C:\\Users\\USER\\Documents\\GitHub\\Take-Home-Assessment\\laravel-project\\vendor\\laravel\\framework\\src\\Illuminate\\Container\\Container.php(908): Illuminate\\Session\\SessionServiceProvider->{closure:Illuminate\\Session\\SessionServiceProvider::registerSessionDriver():48}(Object(Illuminate\\Foundation\\Application), Array)
#20 C:\\Users\\USER\\Documents\\GitHub\\Take-Home-Assessment\\laravel-project\\vendor\\laravel\\framework\\src\\Illuminate\\Container\\Container.php(795): Illuminate\\Container\\Container->build(Object(Closure))
#21 C:\\Users\\USER\\Documents\\GitHub\\Take-Home-Assessment\\laravel-project\\vendor\\laravel\\framework\\src\\Illuminate\\Foundation\\Application.php(986): Illuminate\\Container\\Container->resolve('session.store', Array, true)
#22 C:\\Users\\USER\\Documents\\GitHub\\Take-Home-Assessment\\laravel-project\\vendor\\laravel\\framework\\src\\Illuminate\\Container\\Container.php(731): Illuminate\\Foundation\\Application->resolve('session.store', Array)
#23 C:\\Users\\USER\\Documents\\GitHub\\Take-Home-Assessment\\laravel-project\\vendor\\laravel\\framework\\src\\Illuminate\\Foundation\\Application.php(971): Illuminate\\Container\\Container->make('session.store', Array)
#24 C:\\Users\\USER\\Documents\\GitHub\\Take-Home-Assessment\\laravel-project\\vendor\\laravel\\framework\\src\\Illuminate\\Container\\Container.php(1454): Illuminate\\Foundation\\Application->make('session.store')
#25 C:\\Users\\USER\\Documents\\GitHub\\Take-Home-Assessment\\laravel-project\\vendor\\laravel\\framework\\src\\Illuminate\\Routing\\RoutingServiceProvider.php(120): Illuminate\\Container\\Container->offsetGet('session.store')
#26 C:\\Users\\USER\\Documents\\GitHub\\Take-Home-Assessment\\laravel-project\\vendor\\laravel\\framework\\src\\Illuminate\\Container\\Container.php(908): Illuminate\\Routing\\RoutingServiceProvider->{closure:Illuminate\\Routing\\RoutingServiceProvider::registerRedirector():113}(Object(Illuminate\\Foundation\\Application), Array)
#27 C:\\Users\\USER\\Documents\\GitHub\\Take-Home-Assessment\\laravel-project\\vendor\\laravel\\framework\\src\\Illuminate\\Container\\Container.php(795): Illuminate\\Container\\Container->build(Object(Closure))
#28 C:\\Users\\USER\\Documents\\GitHub\\Take-Home-Assessment\\laravel-project\\vendor\\laravel\\framework\\src\\Illuminate\\Foundation\\Application.php(986): Illuminate\\Container\\Container->resolve('redirect', Array, true)
#29 C:\\Users\\USER\\Documents\\GitHub\\Take-Home-Assessment\\laravel-project\\vendor\\laravel\\framework\\src\\Illuminate\\Container\\Container.php(731): Illuminate\\Foundation\\Application->resolve('redirect', Array)
#30 C:\\Users\\USER\\Documents\\GitHub\\Take-Home-Assessment\\laravel-project\\vendor\\laravel\\framework\\src\\Illuminate\\Foundation\\Application.php(971): Illuminate\\Container\\Container->make('redirect', Array)
#31 C:\\Users\\USER\\Documents\\GitHub\\Take-Home-Assessment\\laravel-project\\vendor\\laravel\\framework\\src\\Illuminate\\Container\\Container.php(1454): Illuminate\\Foundation\\Application->make('redirect')
#32 C:\\Users\\USER\\Documents\\GitHub\\Take-Home-Assessment\\laravel-project\\vendor\\laravel\\framework\\src\\Illuminate\\Routing\\RoutingServiceProvider.php(182): Illuminate\\Container\\Container->offsetGet('redirect')
#33 C:\\Users\\USER\\Documents\\GitHub\\Take-Home-Assessment\\laravel-project\\vendor\\laravel\\framework\\src\\Illuminate\\Container\\Container.php(908): Illuminate\\Routing\\RoutingServiceProvider->{closure:Illuminate\\Routing\\RoutingServiceProvider::registerResponseFactory():181}(Object(Illuminate\\Foundation\\Application), Array)
#34 C:\\Users\\USER\\Documents\\GitHub\\Take-Home-Assessment\\laravel-project\\vendor\\laravel\\framework\\src\\Illuminate\\Container\\Container.php(795): Illuminate\\Container\\Container->build(Object(Closure))
#35 C:\\Users\\USER\\Documents\\GitHub\\Take-Home-Assessment\\laravel-project\\vendor\\laravel\\framework\\src\\Illuminate\\Foundation\\Application.php(986): Illuminate\\Container\\Container->resolve('Illuminate\\\\Cont...', Array, true)
#36 C:\\Users\\USER\\Documents\\GitHub\\Take-Home-Assessment\\laravel-project\\vendor\\laravel\\framework\\src\\Illuminate\\Container\\Container.php(731): Illuminate\\Foundation\\Application->resolve('Illuminate\\\\Cont...', Array)
#37 C:\\Users\\USER\\Documents\\GitHub\\Take-Home-Assessment\\laravel-project\\vendor\\laravel\\framework\\src\\Illuminate\\Foundation\\Application.php(971): Illuminate\\Container\\Container->make('Illuminate\\\\Cont...', Array)
#38 C:\\Users\\USER\\Documents\\GitHub\\Take-Home-Assessment\\laravel-project\\vendor\\laravel\\framework\\src\\Illuminate\\Foundation\\helpers.php(120): Illuminate\\Foundation\\Application->make('Illuminate\\\\Cont...', Array)
#39 C:\\Users\\USER\\Documents\\GitHub\\Take-Home-Assessment\\laravel-project\\vendor\\laravel\\framework\\src\\Illuminate\\Foundation\\helpers.php(790): app('Illuminate\\\\Cont...')
#40 C:\\Users\\USER\\Documents\\GitHub\\Take-Home-Assessment\\laravel-project\\vendor\\laravel\\framework\\src\\Illuminate\\Foundation\\Exceptions\\Handler.php(723): response()
#41 C:\\Users\\USER\\Documents\\GitHub\\Take-Home-Assessment\\laravel-project\\vendor\\laravel\\framework\\src\\Illuminate\\Foundation\\Exceptions\\Handler.php(650): Illuminate\\Foundation\\Exceptions\\Handler->renderHttpException(Object(Symfony\\Component\\HttpKernel\\Exception\\NotFoundHttpException))
#42 C:\\Users\\USER\\Documents\\GitHub\\Take-Home-Assessment\\laravel-project\\vendor\\laravel\\framework\\src\\Illuminate\\Foundation\\Exceptions\\Handler.php(556): Illuminate\\Foundation\\Exceptions\\Handler->prepareResponse(Object(Illuminate\\Http\\Request), Object(Symfony\\Component\\HttpKernel\\Exception\\NotFoundHttpException))
#43 C:\\Users\\USER\\Documents\\GitHub\\Take-Home-Assessment\\laravel-project\\vendor\\laravel\\framework\\src\\Illuminate\\Foundation\\Exceptions\\Handler.php(473): Illuminate\\Foundation\\Exceptions\\Handler->renderExceptionResponse(Object(Illuminate\\Http\\Request), Object(Symfony\\Component\\HttpKernel\\Exception\\NotFoundHttpException))
#44 C:\\Users\\USER\\Documents\\GitHub\\Take-Home-Assessment\\laravel-project\\vendor\\laravel\\framework\\src\\Illuminate\\Routing\\Pipeline.php(51): Illuminate\\Foundation\\Exceptions\\Handler->render(Object(Illuminate\\Http\\Request), Object(Symfony\\Component\\HttpKernel\\Exception\\NotFoundHttpException))
#45 C:\\Users\\USER\\Documents\\GitHub\\Take-Home-Assessment\\laravel-project\\vendor\\laravel\\framework\\src\\Illuminate\\Pipeline\\Pipeline.php(146): Illuminate\\Routing\\Pipeline->handleException(Object(Illuminate\\Http\\Request), Object(Symfony\\Component\\HttpKernel\\Exception\\NotFoundHttpException))
#46 C:\\Users\\USER\\Documents\\GitHub\\Take-Home-Assessment\\laravel-project\\vendor\\laravel\\framework\\src\\Illuminate\\Foundation\\Http\\Middleware\\TransformsRequest.php(21): Illuminate\\Pipeline\\Pipeline->{closure:Illuminate\\Pipeline\\Pipeline::prepareDestination():142}(Object(Illuminate\\Http\\Request))
#47 C:\\Users\\USER\\Documents\\GitHub\\Take-Home-Assessment\\laravel-project\\vendor\\laravel\\framework\\src\\Illuminate\\Foundation\\Http\\Middleware\\ConvertEmptyStringsToNull.php(31): Illuminate\\Foundation\\Http\\Middleware\\TransformsRequest->handle(Object(Illuminate\\Http\\Request), Object(Closure))
#48 C:\\Users\\USER\\Documents\\GitHub\\Take-Home-Assessment\\laravel-project\\vendor\\laravel\\framework\\src\\Illuminate\\Pipeline\\Pipeline.php(183): Illuminate\\Foundation\\Http\\Middleware\\ConvertEmptyStringsToNull->handle(Object(Illuminate\\Http\\Request), Object(Closure))
#49 C:\\Users\\USER\\Documents\\GitHub\\Take-Home-Assessment\\laravel-project\\vendor\\laravel\\framework\\src\\Illuminate\\Foundation\\Http\\Middleware\\TransformsRequest.php(21): Illuminate\\Pipeline\\Pipeline->{closure:{closure:Illuminate\\Pipeline\\Pipeline::carry():158}:159}(Object(Illuminate\\Http\\Request))
#50 C:\\Users\\USER\\Documents\\GitHub\\Take-Home-Assessment\\laravel-project\\vendor\\laravel\\framework\\src\\Illuminate\\Foundation\\Http\\Middleware\\TrimStrings.php(40): Illuminate\\Foundation\\Http\\Middleware\\TransformsRequest->handle(Object(Illuminate\\Http\\Request), Object(Closure))
#51 C:\\Users\\USER\\Documents\\GitHub\\Take-Home-Assessment\\laravel-project\\vendor\\laravel\\framework\\src\\Illuminate\\Pipeline\\Pipeline.php(183): Illuminate\\Foundation\\Http\\Middleware\\TrimStrings->handle(Object(Illuminate\\Http\\Request), Object(Closure))
#52 C:\\Users\\USER\\Documents\\GitHub\\Take-Home-Assessment\\laravel-project\\vendor\\laravel\\framework\\src\\Illuminate\\Foundation\\Http\\Middleware\\ValidatePostSize.php(27): Illuminate\\Pipeline\\Pipeline->{closure:{closure:Illuminate\\Pipeline\\Pipeline::carry():158}:159}(Object(Illuminate\\Http\\Request))
#53 C:\\Users\\USER\\Documents\\GitHub\\Take-Home-Assessment\\laravel-project\\vendor\\laravel\\framework\\src\\Illuminate\\Pipeline\\Pipeline.php(183): Illuminate\\Foundation\\Http\\Middleware\\ValidatePostSize->handle(Object(Illuminate\\Http\\Request), Object(Closure))
#54 C:\\Users\\USER\\Documents\\GitHub\\Take-Home-Assessment\\laravel-project\\vendor\\laravel\\framework\\src\\Illuminate\\Foundation\\Http\\Middleware\\PreventRequestsDuringMaintenance.php(99): Illuminate\\Pipeline\\Pipeline->{closure:{closure:Illuminate\\Pipeline\\Pipeline::carry():158}:159}(Object(Illuminate\\Http\\Request))
#55 C:\\Users\\USER\\Documents\\GitHub\\Take-Home-Assessment\\laravel-project\\vendor\\laravel\\framework\\src\\Illuminate\\Pipeline\\Pipeline.php(183): Illuminate\\Foundation\\Http\\Middleware\\PreventRequestsDuringMaintenance->handle(Object(Illuminate\\Http\\Request), Object(Closure))
#56 C:\\Users\\USER\\Documents\\GitHub\\Take-Home-Assessment\\laravel-project\\vendor\\laravel\\framework\\src\\Illuminate\\Http\\Middleware\\HandleCors.php(49): Illuminate\\Pipeline\\Pipeline->{closure:{closure:Illuminate\\Pipeline\\Pipeline::carry():158}:159}(Object(Illuminate\\Http\\Request))
#57 C:\\Users\\USER\\Documents\\GitHub\\Take-Home-Assessment\\laravel-project\\vendor\\laravel\\framework\\src\\Illuminate\\Pipeline\\Pipeline.php(183): Illuminate\\Http\\Middleware\\HandleCors->handle(Object(Illuminate\\Http\\Request), Object(Closure))
#58 C:\\Users\\USER\\Documents\\GitHub\\Take-Home-Assessment\\laravel-project\\vendor\\laravel\\framework\\src\\Illuminate\\Http\\Middleware\\TrustProxies.php(39): Illuminate\\Pipeline\\Pipeline->{closure:{closure:Illuminate\\Pipeline\\Pipeline::carry():158}:159}(Object(Illuminate\\Http\\Request))
#59 C:\\Users\\USER\\Documents\\GitHub\\Take-Home-Assessment\\laravel-project\\vendor\\laravel\\framework\\src\\Illuminate\\Pipeline\\Pipeline.php(183): Illuminate\\Http\\Middleware\\TrustProxies->handle(Object(Illuminate\\Http\\Request), Object(Closure))
#60 C:\\Users\\USER\\Documents\\GitHub\\Take-Home-Assessment\\laravel-project\\vendor\\laravel\\framework\\src\\Illuminate\\Pipeline\\Pipeline.php(119): Illuminate\\Pipeline\\Pipeline->{closure:{closure:Illuminate\\Pipeline\\Pipeline::carry():158}:159}(Object(Illuminate\\Http\\Request))
#61 C:\\Users\\USER\\Documents\\GitHub\\Take-Home-Assessment\\laravel-project\\vendor\\laravel\\framework\\src\\Illuminate\\Foundation\\Http\\Kernel.php(175): Illuminate\\Pipeline\\Pipeline->then(Object(Closure))
#62 C:\\Users\\USER\\Documents\\GitHub\\Take-Home-Assessment\\laravel-project\\vendor\\laravel\\framework\\src\\Illuminate\\Foundation\\Http\\Kernel.php(144): Illuminate\\Foundation\\Http\\Kernel->sendRequestThroughRouter(Object(Illuminate\\Http\\Request))
#63 C:\\Users\\USER\\Documents\\GitHub\\Take-Home-Assessment\\laravel-project\\public\\index.php(50): Illuminate\\Foundation\\Http\\Kernel->handle(Object(Illuminate\\Http\\Request))
#64 C:\\Users\\USER\\Documents\\GitHub\\Take-Home-Assessment\\laravel-project\\vendor\\laravel\\framework\\src\\Illuminate\\Foundation\\resources\\server.php(16): require_once('C:\\\\Users\\\\USER\\\\D...')
#65 {main}
"} 
[2025-11-20 14:04:29] laravel.EMERGENCY: Unable to create configured logger. Using emergency logger. {"exception":"[object] (InvalidArgumentException(code: 0): Log [] is not defined. at C:\\Users\\USER\\Documents\\GitHub\\Take-Home-Assessment\\laravel-project\\vendor\\laravel\\framework\\src\\Illuminate\\Log\\LogManager.php:212)
[stacktrace]
#0 C:\\Users\\USER\\Documents\\GitHub\\Take-Home-Assessment\\laravel-project\\vendor\\laravel\\framework\\src\\Illuminate\\Log\\LogManager.php(137): Illuminate\\Log\\LogManager->resolve(NULL, NULL)
#1 C:\\Users\\USER\\Documents\\GitHub\\Take-Home-Assessment\\laravel-project\\vendor\\laravel\\framework\\src\\Illuminate\\Log\\LogManager.php(124): Illuminate\\Log\\LogManager->get(NULL)
#2 C:\\Users\\USER\\Documents\\GitHub\\Take-Home-Assessment\\laravel-project\\vendor\\laravel\\framework\\src\\Illuminate\\Log\\LogManager.php(681): Illuminate\\Log\\LogManager->driver()
#3 C:\\Users\\USER\\Documents\\GitHub\\Take-Home-Assessment\\laravel-project\\vendor\\laravel\\framework\\src\\Illuminate\\Foundation\\Exceptions\\Handler.php(317): Illuminate\\Log\\LogManager->error('Database file a...', Array)
#4 C:\\Users\\USER\\Documents\\GitHub\\Take-Home-Assessment\\laravel-project\\vendor\\laravel\\framework\\src\\Illuminate\\Foundation\\Exceptions\\Handler.php(278): Illuminate\\Foundation\\Exceptions\\Handler->reportThrowable(Object(Illuminate\\Database\\QueryException))
#5 C:\\Users\\USER\\Documents\\GitHub\\Take-Home-Assessment\\laravel-project\\vendor\\laravel\\framework\\src\\Illuminate\\Routing\\Pipeline.php(49): Illuminate\\Foundation\\Exceptions\\Handler->report(Object(Illuminate\\Database\\QueryException))
#6 C:\\Users\\USER\\Documents\\GitHub\\Take-Home-Assessment\\laravel-project\\vendor\\laravel\\framework\\src\\Illuminate\\Pipeline\\Pipeline.php(188): Illuminate\\Routing\\Pipeline->handleException(Object(Illuminate\\Http\\Request), Object(Illuminate\\Database\\QueryException))
#7 C:\\Users\\USER\\Documents\\GitHub\\Take-Home-Assessment\\laravel-project\\vendor\\laravel\\framework\\src\\Illuminate\\Foundation\\Http\\Middleware\\TransformsRequest.php(21): Illuminate\\Pipeline\\Pipeline->{closure:{closure:Illuminate\\Pipeline\\Pipeline::carry():158}:159}(Object(Illuminate\\Http\\Request))
#8 C:\\Users\\USER\\Documents\\GitHub\\Take-Home-Assessment\\laravel-project\\vendor\\laravel\\framework\\src\\Illuminate\\Foundation\\Http\\Middleware\\TrimStrings.php(40): Illuminate\\Foundation\\Http\\Middleware\\TransformsRequest->handle(Object(Illuminate\\Http\\Request), Object(Closure))
#9 C:\\Users\\USER\\Documents\\GitHub\\Take-Home-Assessment\\laravel-project\\vendor\\laravel\\framework\\src\\Illuminate\\Pipeline\\Pipeline.php(183): Illuminate\\Foundation\\Http\\Middleware\\TrimStrings->handle(Object(Illuminate\\Http\\Request), Object(Closure))
#10 C:\\Users\\USER\\Documents\\GitHub\\Take-Home-Assessment\\laravel-project\\vendor\\laravel\\framework\\src\\Illuminate\\Foundation\\Http\\Middleware\\ValidatePostSize.php(27): Illuminate\\Pipeline\\Pipeline->{closure:{closure:Illuminate\\Pipeline\\Pipeline::carry():158}:159}(Object(Illuminate\\Http\\Request))
#11 C:\\Users\\USER\\Documents\\GitHub\\Take-Home-Assessment\\laravel-project\\vendor\\laravel\\framework\\src\\Illuminate\\Pipeline\\Pipeline.php(183): Illuminate\\Foundation\\Http\\Middleware\\ValidatePostSize->handle(Object(Illuminate\\Http\\Request), Object(Closure))
#12 C:\\Users\\USER\\Documents\\GitHub\\Take-Home-Assessment\\laravel-project\\vendor\\laravel\\framework\\src\\Illuminate\\Foundation\\Http\\Middleware\\PreventRequestsDuringMaintenance.php(99): Illuminate\\Pipeline\\Pipeline->{closure:{closure:Illuminate\\Pipeline\\Pipeline::carry():158}:159}(Object(Illuminate\\Http\\Request))
#13 C:\\Users\\USER\\Documents\\GitHub\\Take-Home-Assessment\\laravel-project\\vendor\\laravel\\framework\\src\\Illuminate\\Pipeline\\Pipeline.php(183): Illuminate\\Foundation\\Http\\Middleware\\PreventRequestsDuringMaintenance->handle(Object(Illuminate\\Http\\Request), Object(Closure))
#14 C:\\Users\\USER\\Documents\\GitHub\\Take-Home-Assessment\\laravel-project\\vendor\\laravel\\framework\\src\\Illuminate\\Http\\Middleware\\HandleCors.php(49): Illuminate\\Pipeline\\Pipeline->{closure:{closure:Illuminate\\Pipeline\\Pipeline::carry():158}:159}(Object(Illuminate\\Http\\Request))
#15 C:\\Users\\USER\\Documents\\GitHub\\Take-Home-Assessment\\laravel-project\\vendor\\laravel\\framework\\src\\Illuminate\\Pipeline\\Pipeline.php(183): Illuminate\\Http\\Middleware\\HandleCors->handle(Object(Illuminate\\Http\\Request), Object(Closure))
#16 C:\\Users\\USER\\Documents\\GitHub\\Take-Home-Assessment\\laravel-project\\vendor\\laravel\\framework\\src\\Illuminate\\Http\\Middleware\\TrustProxies.php(39): Illuminate\\Pipeline\\Pipeline->{closure:{closure:Illuminate\\Pipeline\\Pipeline::carry():158}:159}(Object(Illuminate\\Http\\Request))
#17 C:\\Users\\USER\\Documents\\GitHub\\Take-Home-Assessment\\laravel-project\\vendor\\laravel\\framework\\src\\Illuminate\\Pipeline\\Pipeline.php(183): Illuminate\\Http\\Middleware\\TrustProxies->handle(Object(Illuminate\\Http\\Request), Object(Closure))
#18 C:\\Users\\USER\\Documents\\GitHub\\Take-Home-Assessment\\laravel-project\\vendor\\laravel\\framework\\src\\Illuminate\\Pipeline\\Pipeline.php(119): Illuminate\\Pipeline\\Pipeline->{closure:{closure:Illuminate\\Pipeline\\Pipeline::carry():158}:159}(Object(Illuminate\\Http\\Request))
#19 C:\\Users\\USER\\Documents\\GitHub\\Take-Home-Assessment\\laravel-project\\vendor\\laravel\\framework\\src\\Illuminate\\Foundation\\Http\\Kernel.php(175): Illuminate\\Pipeline\\Pipeline->then(Object(Closure))
#20 C:\\Users\\USER\\Documents\\GitHub\\Take-Home-Assessment\\laravel-project\\vendor\\laravel\\framework\\src\\Illuminate\\Foundation\\Http\\Kernel.php(144): Illuminate\\Foundation\\Http\\Kernel->sendRequestThroughRouter(Object(Illuminate\\Http\\Request))
#21 C:\\Users\\USER\\Documents\\GitHub\\Take-Home-Assessment\\laravel-project\\public\\index.php(50): Illuminate\\Foundation\\Http\\Kernel->handle(Object(Illuminate\\Http\\Request))
#22 C:\\Users\\USER\\Documents\\GitHub\\Take-Home-Assessment\\laravel-project\\vendor\\laravel\\framework\\src\\Illuminate\\Foundation\\resources\\server.php(16): require_once('C:\\\\Users\\\\USER\\\\D...')
#23 {main}
"} 
[2025-11-20 14:04:29] laravel.ERROR: Database file at path [database.sqlite] does not exist. Ensure this is an absolute path to the database. (Connection: sqlite, SQL: PRAGMA foreign_keys = ON;) {"exception":"[object] (Illuminate\\Database\\QueryException(code: 0): Database file at path [database.sqlite] does not exist. Ensure this is an absolute path to the database. (Connection: sqlite, SQL: PRAGMA foreign_keys = ON;) at C:\\Users\\USER\\Documents\\GitHub\\Take-Home-Assessment\\laravel-project\\vendor\\laravel\\framework\\src\\Illuminate\\Database\\Connection.php:829)
[stacktrace]
#0 C:\\Users\\USER\\Documents\\GitHub\\Take-Home-Assessment\\laravel-project\\vendor\\laravel\\framework\\src\\Illuminate\\Database\\Connection.php(783): Illuminate\\Database\\Connection->runQueryCallback('PRAGMA foreign_...', Array, Object(Closure))
#1 C:\\Users\\USER\\Documents\\GitHub\\Take-Home-Assessment\\laravel-project\\vendor\\laravel\\framework\\src\\Illuminate\\Database\\Connection.php(576): Illuminate\\Database\\Connection->run('PRAGMA foreign_...', Array, Object(Closure))
#2 C:\\Users\\USER\\Documents\\GitHub\\Take-Home-Assessment\\laravel-project\\vendor\\laravel\\framework\\src\\Illuminate\\Database\\Schema\\Builder.php(560): Illuminate\\Database\\Connection->statement('PRAGMA foreign_...')
#3 C:\\Users\\USER\\Documents\\GitHub\\Take-Home-Assessment\\laravel-project\\vendor\\laravel\\framework\\src\\Illuminate\\Database\\SQLiteConnection.php(36): Illuminate\\Database\\Schema\\Builder->enableForeignKeyConstraints()
#4 C:\\Users\\USER\\Documents\\GitHub\\Take-Home-Assessment\\laravel-project\\vendor\\laravel\\framework\\src\\Illuminate\\Database\\Connectors\\ConnectionFactory.php(272): Illuminate\\Database\\SQLiteConnection->__construct(Object(Closure), 'database.sqlite', '', Array)
#5 C:\\Users\\USER\\Documents\\GitHub\\Take-Home-Assessment\\laravel-project\\vendor\\laravel\\framework\\src\\Illuminate\\Database\\Connectors\\ConnectionFactory.php(75): Illuminate\\Database\\Connectors\\ConnectionFactory->createConnection('sqlite', Object(Closure), 'database.sqlite', '', Array)
#6 C:\\Users\\USER\\Documents\\GitHub\\Take-Home-Assessment\\laravel-project\\vendor\\laravel\\framework\\src\\Illuminate\\Database\\Connectors\\ConnectionFactory.php(50): Illuminate\\Database\\Connectors\\ConnectionFactory->createSingleConnection(Array)
#7 C:\\Users\\USER\\Documents\\GitHub\\Take-Home-Assessment\\laravel-project\\vendor\\laravel\\framework\\src\\Illuminate\\Database\\DatabaseManager.php(175): Illuminate\\Database\\Connectors\\ConnectionFactory->make(Array, 'sqlite')
#8 C:\\Users\\USER\\Documents\\GitHub\\Take-Home-Assessment\\laravel-project\\vendor\\laravel\\framework\\src\\Illuminate\\Database\\DatabaseManager.php(101): Illuminate\\Database\\DatabaseManager->makeConnection('sqlite')
#9 C:\\Users\\USER\\Documents\\GitHub\\Take-Home-Assessment\\laravel-project\\vendor\\laravel\\framework\\src\\Illuminate\\Session\\SessionManager.php(108): Illuminate\\Database\\DatabaseManager->connection('sqlite')
#10 C:\\Users\\USER\\Documents\\GitHub\\Take-Home-Assessment\\laravel-project\\vendor\\laravel\\framework\\src\\Illuminate\\Session\\SessionManager.php(95): Illuminate\\Session\\SessionManager->getDatabaseConnection()
#11 C:\\Users\\USER\\Documents\\GitHub\\Take-Home-Assessment\\laravel-project\\vendor\\laravel\\framework\\src\\Illuminate\\Support\\Manager.php(106): Illuminate\\Session\\SessionManager->createDatabaseDriver()
#12 C:\\Users\\USER\\Documents\\GitHub\\Take-Home-Assessment\\laravel-project\\vendor\\laravel\\framework\\src\\Illuminate\\Support\\Manager.php(80): Illuminate\\Support\\Manager->createDriver('database')
#13 C:\\Users\\USER\\Documents\\GitHub\\Take-Home-Assessment\\laravel-project\\vendor\\laravel\\framework\\src\\Illuminate\\Session\\SessionServiceProvider.php(52): Illuminate\\Support\\Manager->driver()
#14 C:\\Users\\USER\\Documents\\GitHub\\Take-Home-Assessment\\laravel-project\\vendor\\laravel\\framework\\src\\Illuminate\\Container\\Container.php(908): Illuminate\\Session\\SessionServiceProvider->{closure:Illuminate\\Session\\SessionServiceProvider::registerSessionDriver():48}(Object(Illuminate\\Foundation\\Application), Array)
#15 C:\\Users\\USER\\Documents\\GitHub\\Take-Home-Assessment\\laravel-project\\vendor\\laravel\\framework\\src\\Illuminate\\Container\\Container.php(795): Illuminate\\Container\\Container->build(Object(Closure))
#16 C:\\Users\\USER\\Documents\\GitHub\\Take-Home-Assessment\\laravel-project\\vendor\\laravel\\framework\\src\\Illuminate\\Foundation\\Application.php(986): Illuminate\\Container\\Container->resolve('session.store', Array, true)
#17 C:\\Users\\USER\\Documents\\GitHub\\Take-Home-Assessment\\laravel-project\\vendor\\laravel\\framework\\src\\Illuminate\\Container\\Container.php(731): Illuminate\\Foundation\\Application->resolve('session.store', Array)
#18 C:\\Users\\USER\\Documents\\GitHub\\Take-Home-Assessment\\laravel-project\\vendor\\laravel\\framework\\src\\Illuminate\\Foundation\\Application.php(971): Illuminate\\Container\\Container->make('session.store', Array)
#19 C:\\Users\\USER\\Documents\\GitHub\\Take-Home-Assessment\\laravel-project\\vendor\\laravel\\framework\\src\\Illuminate\\Container\\Container.php(1454): Illuminate\\Foundation\\Application->make('session.store')
#20 C:\\Users\\USER\\Documents\\GitHub\\Take-Home-Assessment\\laravel-project\\vendor\\laravel\\framework\\src\\Illuminate\\Routing\\RoutingServiceProvider.php(120): Illuminate\\Container\\Container->offsetGet('session.store')
#21 C:\\Users\\USER\\Documents\\GitHub\\Take-Home-Assessment\\laravel-project\\vendor\\laravel\\framework\\src\\Illuminate\\Container\\Container.php(908): Illuminate\\Routing\\RoutingServiceProvider->{closure:Illuminate\\Routing\\RoutingServiceProvider::registerRedirector():113}(Object(Illuminate\\Foundation\\Application), Array)
#22 C:\\Users\\USER\\Documents\\GitHub\\Take-Home-Assessment\\laravel-project\\vendor\\laravel\\framework\\src\\Illuminate\\Container\\Container.php(795): Illuminate\\Container\\Container->build(Object(Closure))
#23 C:\\Users\\USER\\Documents\\GitHub\\Take-Home-Assessment\\laravel-project\\vendor\\laravel\\framework\\src\\Illuminate\\Foundation\\Application.php(986): Illuminate\\Container\\Container->resolve('redirect', Array, true)
#24 C:\\Users\\USER\\Documents\\GitHub\\Take-Home-Assessment\\laravel-project\\vendor\\laravel\\framework\\src\\Illuminate\\Container\\Container.php(731): Illuminate\\Foundation\\Application->resolve('redirect', Array)
#25 C:\\Users\\USER\\Documents\\GitHub\\Take-Home-Assessment\\laravel-project\\vendor\\laravel\\framework\\src\\Illuminate\\Foundation\\Application.php(971): Illuminate\\Container\\Container->make('redirect', Array)
#26 C:\\Users\\USER\\Documents\\GitHub\\Take-Home-Assessment\\laravel-project\\vendor\\laravel\\framework\\src\\Illuminate\\Container\\Container.php(1454): Illuminate\\Foundation\\Application->make('redirect')
#27 C:\\Users\\USER\\Documents\\GitHub\\Take-Home-Assessment\\laravel-project\\vendor\\laravel\\framework\\src\\Illuminate\\Routing\\RoutingServiceProvider.php(182): Illuminate\\Container\\Container->offsetGet('redirect')
#28 C:\\Users\\USER\\Documents\\GitHub\\Take-Home-Assessment\\laravel-project\\vendor\\laravel\\framework\\src\\Illuminate\\Container\\Container.php(908): Illuminate\\Routing\\RoutingServiceProvider->{closure:Illuminate\\Routing\\RoutingServiceProvider::registerResponseFactory():181}(Object(Illuminate\\Foundation\\Application), Array)
#29 C:\\Users\\USER\\Documents\\GitHub\\Take-Home-Assessment\\laravel-project\\vendor\\laravel\\framework\\src\\Illuminate\\Container\\Container.php(795): Illuminate\\Container\\Container->build(Object(Closure))
#30 C:\\Users\\USER\\Documents\\GitHub\\Take-Home-Assessment\\laravel-project\\vendor\\laravel\\framework\\src\\Illuminate\\Foundation\\Application.php(986): Illuminate\\Container\\Container->resolve('Illuminate\\\\Cont...', Array, true)
#31 C:\\Users\\USER\\Documents\\GitHub\\Take-Home-Assessment\\laravel-project\\vendor\\laravel\\framework\\src\\Illuminate\\Container\\Container.php(731): Illuminate\\Foundation\\Application->resolve('Illuminate\\\\Cont...', Array)
#32 C:\\Users\\USER\\Documents\\GitHub\\Take-Home-Assessment\\laravel-project\\vendor\\laravel\\framework\\src\\Illuminate\\Foundation\\Application.php(971): Illuminate\\Container\\Container->make('Illuminate\\\\Cont...', Array)
#33 C:\\Users\\USER\\Documents\\GitHub\\Take-Home-Assessment\\laravel-project\\vendor\\laravel\\framework\\src\\Illuminate\\Foundation\\helpers.php(120): Illuminate\\Foundation\\Application->make('Illuminate\\\\Cont...', Array)
#34 C:\\Users\\USER\\Documents\\GitHub\\Take-Home-Assessment\\laravel-project\\vendor\\laravel\\framework\\src\\Illuminate\\Foundation\\helpers.php(790): app('Illuminate\\\\Cont...')
#35 C:\\Users\\USER\\Documents\\GitHub\\Take-Home-Assessment\\laravel-project\\vendor\\laravel\\framework\\src\\Illuminate\\Foundation\\Exceptions\\Handler.php(723): response()
#36 C:\\Users\\USER\\Documents\\GitHub\\Take-Home-Assessment\\laravel-project\\vendor\\laravel\\framework\\src\\Illuminate\\Foundation\\Exceptions\\Handler.php(650): Illuminate\\Foundation\\Exceptions\\Handler->renderHttpException(Object(Symfony\\Component\\HttpKernel\\Exception\\NotFoundHttpException))
#37 C:\\Users\\USER\\Documents\\GitHub\\Take-Home-Assessment\\laravel-project\\vendor\\laravel\\framework\\src\\Illuminate\\Foundation\\Exceptions\\Handler.php(556): Illuminate\\Foundation\\Exceptions\\Handler->prepareResponse(Object(Illuminate\\Http\\Request), Object(Symfony\\Component\\HttpKernel\\Exception\\NotFoundHttpException))
#38 C:\\Users\\USER\\Documents\\GitHub\\Take-Home-Assessment\\laravel-project\\vendor\\laravel\\framework\\src\\Illuminate\\Foundation\\Exceptions\\Handler.php(473): Illuminate\\Foundation\\Exceptions\\Handler->renderExceptionResponse(Object(Illuminate\\Http\\Request), Object(Symfony\\Component\\HttpKernel\\Exception\\NotFoundHttpException))
#39 C:\\Users\\USER\\Documents\\GitHub\\Take-Home-Assessment\\laravel-project\\vendor\\laravel\\framework\\src\\Illuminate\\Routing\\Pipeline.php(51): Illuminate\\Foundation\\Exceptions\\Handler->render(Object(Illuminate\\Http\\Request), Object(Symfony\\Component\\HttpKernel\\Exception\\NotFoundHttpException))
#40 C:\\Users\\USER\\Documents\\GitHub\\Take-Home-Assessment\\laravel-project\\vendor\\laravel\\framework\\src\\Illuminate\\Pipeline\\Pipeline.php(146): Illuminate\\Routing\\Pipeline->handleException(Object(Illuminate\\Http\\Request), Object(Symfony\\Component\\HttpKernel\\Exception\\NotFoundHttpException))
#41 C:\\Users\\USER\\Documents\\GitHub\\Take-Home-Assessment\\laravel-project\\vendor\\laravel\\framework\\src\\Illuminate\\Foundation\\Http\\Middleware\\TransformsRequest.php(21): Illuminate\\Pipeline\\Pipeline->{closure:Illuminate\\Pipeline\\Pipeline::prepareDestination():142}(Object(Illuminate\\Http\\Request))
#42 C:\\Users\\USER\\Documents\\GitHub\\Take-Home-Assessment\\laravel-project\\vendor\\laravel\\framework\\src\\Illuminate\\Foundation\\Http\\Middleware\\ConvertEmptyStringsToNull.php(31): Illuminate\\Foundation\\Http\\Middleware\\TransformsRequest->handle(Object(Illuminate\\Http\\Request), Object(Closure))
#43 C:\\Users\\USER\\Documents\\GitHub\\Take-Home-Assessment\\laravel-project\\vendor\\laravel\\framework\\src\\Illuminate\\Pipeline\\Pipeline.php(183): Illuminate\\Foundation\\Http\\Middleware\\ConvertEmptyStringsToNull->handle(Object(Illuminate\\Http\\Request), Object(Closure))
#44 C:\\Users\\USER\\Documents\\GitHub\\Take-Home-Assessment\\laravel-project\\vendor\\laravel\\framework\\src\\Illuminate\\Foundation\\Http\\Middleware\\TransformsRequest.php(21): Illuminate\\Pipeline\\Pipeline->{closure:{closure:Illuminate\\Pipeline\\Pipeline::carry():158}:159}(Object(Illuminate\\Http\\Request))
#45 C:\\Users\\USER\\Documents\\GitHub\\Take-Home-Assessment\\laravel-project\\vendor\\laravel\\framework\\src\\Illuminate\\Foundation\\Http\\Middleware\\TrimStrings.php(40): Illuminate\\Foundation\\Http\\Middleware\\TransformsRequest->handle(Object(Illuminate\\Http\\Request), Object(Closure))
#46 C:\\Users\\USER\\Documents\\GitHub\\Take-Home-Assessment\\laravel-project\\vendor\\laravel\\framework\\src\\Illuminate\\Pipeline\\Pipeline.php(183): Illuminate\\Foundation\\Http\\Middleware\\TrimStrings->handle(Object(Illuminate\\Http\\Request), Object(Closure))
#47 C:\\Users\\USER\\Documents\\GitHub\\Take-Home-Assessment\\laravel-project\\vendor\\laravel\\framework\\src\\Illuminate\\Foundation\\Http\\Middleware\\ValidatePostSize.php(27): Illuminate\\Pipeline\\Pipeline->{closure:{closure:Illuminate\\Pipeline\\Pipeline::carry():158}:159}(Object(Illuminate\\Http\\Request))
#48 C:\\Users\\USER\\Documents\\GitHub\\Take-Home-Assessment\\laravel-project\\vendor\\laravel\\framework\\src\\Illuminate\\Pipeline\\Pipeline.php(183): Illuminate\\Foundation\\Http\\Middleware\\ValidatePostSize->handle(Object(Illuminate\\Http\\Request), Object(Closure))
#49 C:\\Users\\USER\\Documents\\GitHub\\Take-Home-Assessment\\laravel-project\\vendor\\laravel\\framework\\src\\Illuminate\\Foundation\\Http\\Middleware\\PreventRequestsDuringMaintenance.php(99): Illuminate\\Pipeline\\Pipeline->{closure:{closure:Illuminate\\Pipeline\\Pipeline::carry():158}:159}(Object(Illuminate\\Http\\Request))
#50 C:\\Users\\USER\\Documents\\GitHub\\Take-Home-Assessment\\laravel-project\\vendor\\laravel\\framework\\src\\Illuminate\\Pipeline\\Pipeline.php(183): Illuminate\\Foundation\\Http\\Middleware\\PreventRequestsDuringMaintenance->handle(Object(Illuminate\\Http\\Request), Object(Closure))
#51 C:\\Users\\USER\\Documents\\GitHub\\Take-Home-Assessment\\laravel-project\\vendor\\laravel\\framework\\src\\Illuminate\\Http\\Middleware\\HandleCors.php(49): Illuminate\\Pipeline\\Pipeline->{closure:{closure:Illuminate\\Pipeline\\Pipeline::carry():158}:159}(Object(Illuminate\\Http\\Request))
#52 C:\\Users\\USER\\Documents\\GitHub\\Take-Home-Assessment\\laravel-project\\vendor\\laravel\\framework\\src\\Illuminate\\Pipeline\\Pipeline.php(183): Illuminate\\Http\\Middleware\\HandleCors->handle(Object(Illuminate\\Http\\Request), Object(Closure))
#53 C:\\Users\\USER\\Documents\\GitHub\\Take-Home-Assessment\\laravel-project\\vendor\\laravel\\framework\\src\\Illuminate\\Http\\Middleware\\TrustProxies.php(39): Illuminate\\Pipeline\\Pipeline->{closure:{closure:Illuminate\\Pipeline\\Pipeline::carry():158}:159}(Object(Illuminate\\Http\\Request))
#54 C:\\Users\\USER\\Documents\\GitHub\\Take-Home-Assessment\\laravel-project\\vendor\\laravel\\framework\\src\\Illuminate\\Pipeline\\Pipeline.php(183): Illuminate\\Http\\Middleware\\TrustProxies->handle(Object(Illuminate\\Http\\Request), Object(Closure))
#55 C:\\Users\\USER\\Documents\\GitHub\\Take-Home-Assessment\\laravel-project\\vendor\\laravel\\framework\\src\\Illuminate\\Pipeline\\Pipeline.php(119): Illuminate\\Pipeline\\Pipeline->{closure:{closure:Illuminate\\Pipeline\\Pipeline::carry():158}:159}(Object(Illuminate\\Http\\Request))
#56 C:\\Users\\USER\\Documents\\GitHub\\Take-Home-Assessment\\laravel-project\\vendor\\laravel\\framework\\src\\Illuminate\\Foundation\\Http\\Kernel.php(175): Illuminate\\Pipeline\\Pipeline->then(Object(Closure))
#57 C:\\Users\\USER\\Documents\\GitHub\\Take-Home-Assessment\\laravel-project\\vendor\\laravel\\framework\\src\\Illuminate\\Foundation\\Http\\Kernel.php(144): Illuminate\\Foundation\\Http\\Kernel->sendRequestThroughRouter(Object(Illuminate\\Http\\Request))
#58 C:\\Users\\USER\\Documents\\GitHub\\Take-Home-Assessment\\laravel-project\\public\\index.php(50): Illuminate\\Foundation\\Http\\Kernel->handle(Object(Illuminate\\Http\\Request))
#59 C:\\Users\\USER\\Documents\\GitHub\\Take-Home-Assessment\\laravel-project\\vendor\\laravel\\framework\\src\\Illuminate\\Foundation\\resources\\server.php(16): require_once('C:\\\\Users\\\\USER\\\\D...')
#60 {main}

[previous exception] [object] (Illuminate\\Database\\SQLiteDatabaseDoesNotExistException(code: 0): Database file at path [database.sqlite] does not exist. Ensure this is an absolute path to the database. at C:\\Users\\USER\\Documents\\GitHub\\Take-Home-Assessment\\laravel-project\\vendor\\laravel\\framework\\src\\Illuminate\\Database\\Connectors\\SQLiteConnector.php:34)
[stacktrace]
#0 C:\\Users\\USER\\Documents\\GitHub\\Take-Home-Assessment\\laravel-project\\vendor\\laravel\\framework\\src\\Illuminate\\Database\\Connectors\\ConnectionFactory.php(221): Illuminate\\Database\\Connectors\\SQLiteConnector->connect(Array)
#1 [internal function]: Illuminate\\Database\\Connectors\\ConnectionFactory->{closure:Illuminate\\Database\\Connectors\\ConnectionFactory::createPdoResolverWithoutHosts():221}()
#2 C:\\Users\\USER\\Documents\\GitHub\\Take-Home-Assessment\\laravel-project\\vendor\\laravel\\framework\\src\\Illuminate\\Database\\Connection.php(1339): call_user_func(Object(Closure))
#3 C:\\Users\\USER\\Documents\\GitHub\\Take-Home-Assessment\\laravel-project\\vendor\\laravel\\framework\\src\\Illuminate\\Database\\Connection.php(581): Illuminate\\Database\\Connection->getPdo()
#4 C:\\Users\\USER\\Documents\\GitHub\\Take-Home-Assessment\\laravel-project\\vendor\\laravel\\framework\\src\\Illuminate\\Database\\Connection.php(816): Illuminate\\Database\\Connection->{closure:Illuminate\\Database\\Connection::statement():576}('PRAGMA foreign_...', Array)
#5 C:\\Users\\USER\\Documents\\GitHub\\Take-Home-Assessment\\laravel-project\\vendor\\laravel\\framework\\src\\Illuminate\\Database\\Connection.php(783): Illuminate\\Database\\Connection->runQueryCallback('PRAGMA foreign_...', Array, Object(Closure))
#6 C:\\Users\\USER\\Documents\\GitHub\\Take-Home-Assessment\\laravel-project\\vendor\\laravel\\framework\\src\\Illuminate\\Database\\Connection.php(576): Illuminate\\Database\\Connection->run('PRAGMA foreign_...', Array, Object(Closure))
#7 C:\\Users\\USER\\Documents\\GitHub\\Take-Home-Assessment\\laravel-project\\vendor\\laravel\\framework\\src\\Illuminate\\Database\\Schema\\Builder.php(560): Illuminate\\Database\\Connection->statement('PRAGMA foreign_...')
#8 C:\\Users\\USER\\Documents\\GitHub\\Take-Home-Assessment\\laravel-project\\vendor\\laravel\\framework\\src\\Illuminate\\Database\\SQLiteConnection.php(36): Illuminate\\Database\\Schema\\Builder->enableForeignKeyConstraints()
#9 C:\\Users\\USER\\Documents\\GitHub\\Take-Home-Assessment\\laravel-project\\vendor\\laravel\\framework\\src\\Illuminate\\Database\\Connectors\\ConnectionFactory.php(272): Illuminate\\Database\\SQLiteConnection->__construct(Object(Closure), 'database.sqlite', '', Array)
#10 C:\\Users\\USER\\Documents\\GitHub\\Take-Home-Assessment\\laravel-project\\vendor\\laravel\\framework\\src\\Illuminate\\Database\\Connectors\\ConnectionFactory.php(75): Illuminate\\Database\\Connectors\\ConnectionFactory->createConnection('sqlite', Object(Closure), 'database.sqlite', '', Array)
#11 C:\\Users\\USER\\Documents\\GitHub\\Take-Home-Assessment\\laravel-project\\vendor\\laravel\\framework\\src\\Illuminate\\Database\\Connectors\\ConnectionFactory.php(50): Illuminate\\Database\\Connectors\\ConnectionFactory->createSingleConnection(Array)
#12 C:\\Users\\USER\\Documents\\GitHub\\Take-Home-Assessment\\laravel-project\\vendor\\laravel\\framework\\src\\Illuminate\\Database\\DatabaseManager.php(175): Illuminate\\Database\\Connectors\\ConnectionFactory->make(Array, 'sqlite')
#13 C:\\Users\\USER\\Documents\\GitHub\\Take-Home-Assessment\\laravel-project\\vendor\\laravel\\framework\\src\\Illuminate\\Database\\DatabaseManager.php(101): Illuminate\\Database\\DatabaseManager->makeConnection('sqlite')
#14 C:\\Users\\USER\\Documents\\GitHub\\Take-Home-Assessment\\laravel-project\\vendor\\laravel\\framework\\src\\Illuminate\\Session\\SessionManager.php(108): Illuminate\\Database\\DatabaseManager->connection('sqlite')
#15 C:\\Users\\USER\\Documents\\GitHub\\Take-Home-Assessment\\laravel-project\\vendor\\laravel\\framework\\src\\Illuminate\\Session\\SessionManager.php(95): Illuminate\\Session\\SessionManager->getDatabaseConnection()
#16 C:\\Users\\USER\\Documents\\GitHub\\Take-Home-Assessment\\laravel-project\\vendor\\laravel\\framework\\src\\Illuminate\\Support\\Manager.php(106): Illuminate\\Session\\SessionManager->createDatabaseDriver()
#17 C:\\Users\\USER\\Documents\\GitHub\\Take-Home-Assessment\\laravel-project\\vendor\\laravel\\framework\\src\\Illuminate\\Support\\Manager.php(80): Illuminate\\Support\\Manager->createDriver('database')
#18 C:\\Users\\USER\\Documents\\GitHub\\Take-Home-Assessment\\laravel-project\\vendor\\laravel\\framework\\src\\Illuminate\\Session\\SessionServiceProvider.php(52): Illuminate\\Support\\Manager->driver()
#19 C:\\Users\\USER\\Documents\\GitHub\\Take-Home-Assessment\\laravel-project\\vendor\\laravel\\framework\\src\\Illuminate\\Container\\Container.php(908): Illuminate\\Session\\SessionServiceProvider->{closure:Illuminate\\Session\\SessionServiceProvider::registerSessionDriver():48}(Object(Illuminate\\Foundation\\Application), Array)
#20 C:\\Users\\USER\\Documents\\GitHub\\Take-Home-Assessment\\laravel-project\\vendor\\laravel\\framework\\src\\Illuminate\\Container\\Container.php(795): Illuminate\\Container\\Container->build(Object(Closure))
#21 C:\\Users\\USER\\Documents\\GitHub\\Take-Home-Assessment\\laravel-project\\vendor\\laravel\\framework\\src\\Illuminate\\Foundation\\Application.php(986): Illuminate\\Container\\Container->resolve('session.store', Array, true)
#22 C:\\Users\\USER\\Documents\\GitHub\\Take-Home-Assessment\\laravel-project\\vendor\\laravel\\framework\\src\\Illuminate\\Container\\Container.php(731): Illuminate\\Foundation\\Application->resolve('session.store', Array)
#23 C:\\Users\\USER\\Documents\\GitHub\\Take-Home-Assessment\\laravel-project\\vendor\\laravel\\framework\\src\\Illuminate\\Foundation\\Application.php(971): Illuminate\\Container\\Container->make('session.store', Array)
#24 C:\\Users\\USER\\Documents\\GitHub\\Take-Home-Assessment\\laravel-project\\vendor\\laravel\\framework\\src\\Illuminate\\Container\\Container.php(1454): Illuminate\\Foundation\\Application->make('session.store')
#25 C:\\Users\\USER\\Documents\\GitHub\\Take-Home-Assessment\\laravel-project\\vendor\\laravel\\framework\\src\\Illuminate\\Routing\\RoutingServiceProvider.php(120): Illuminate\\Container\\Container->offsetGet('session.store')
#26 C:\\Users\\USER\\Documents\\GitHub\\Take-Home-Assessment\\laravel-project\\vendor\\laravel\\framework\\src\\Illuminate\\Container\\Container.php(908): Illuminate\\Routing\\RoutingServiceProvider->{closure:Illuminate\\Routing\\RoutingServiceProvider::registerRedirector():113}(Object(Illuminate\\Foundation\\Application), Array)
#27 C:\\Users\\USER\\Documents\\GitHub\\Take-Home-Assessment\\laravel-project\\vendor\\laravel\\framework\\src\\Illuminate\\Container\\Container.php(795): Illuminate\\Container\\Container->build(Object(Closure))
#28 C:\\Users\\USER\\Documents\\GitHub\\Take-Home-Assessment\\laravel-project\\vendor\\laravel\\framework\\src\\Illuminate\\Foundation\\Application.php(986): Illuminate\\Container\\Container->resolve('redirect', Array, true)
#29 C:\\Users\\USER\\Documents\\GitHub\\Take-Home-Assessment\\laravel-project\\vendor\\laravel\\framework\\src\\Illuminate\\Container\\Container.php(731): Illuminate\\Foundation\\Application->resolve('redirect', Array)
#30 C:\\Users\\USER\\Documents\\GitHub\\Take-Home-Assessment\\laravel-project\\vendor\\laravel\\framework\\src\\Illuminate\\Foundation\\Application.php(971): Illuminate\\Container\\Container->make('redirect', Array)
#31 C:\\Users\\USER\\Documents\\GitHub\\Take-Home-Assessment\\laravel-project\\vendor\\laravel\\framework\\src\\Illuminate\\Container\\Container.php(1454): Illuminate\\Foundation\\Application->make('redirect')
#32 C:\\Users\\USER\\Documents\\GitHub\\Take-Home-Assessment\\laravel-project\\vendor\\laravel\\framework\\src\\Illuminate\\Routing\\RoutingServiceProvider.php(182): Illuminate\\Container\\Container->offsetGet('redirect')
#33 C:\\Users\\USER\\Documents\\GitHub\\Take-Home-Assessment\\laravel-project\\vendor\\laravel\\framework\\src\\Illuminate\\Container\\Container.php(908): Illuminate\\Routing\\RoutingServiceProvider->{closure:Illuminate\\Routing\\RoutingServiceProvider::registerResponseFactory():181}(Object(Illuminate\\Foundation\\Application), Array)
#34 C:\\Users\\USER\\Documents\\GitHub\\Take-Home-Assessment\\laravel-project\\vendor\\laravel\\framework\\src\\Illuminate\\Container\\Container.php(795): Illuminate\\Container\\Container->build(Object(Closure))
#35 C:\\Users\\USER\\Documents\\GitHub\\Take-Home-Assessment\\laravel-project\\vendor\\laravel\\framework\\src\\Illuminate\\Foundation\\Application.php(986): Illuminate\\Container\\Container->resolve('Illuminate\\\\Cont...', Array, true)
#36 C:\\Users\\USER\\Documents\\GitHub\\Take-Home-Assessment\\laravel-project\\vendor\\laravel\\framework\\src\\Illuminate\\Container\\Container.php(731): Illuminate\\Foundation\\Application->resolve('Illuminate\\\\Cont...', Array)
#37 C:\\Users\\USER\\Documents\\GitHub\\Take-Home-Assessment\\laravel-project\\vendor\\laravel\\framework\\src\\Illuminate\\Foundation\\Application.php(971): Illuminate\\Container\\Container->make('Illuminate\\\\Cont...', Array)
#38 C:\\Users\\USER\\Documents\\GitHub\\Take-Home-Assessment\\laravel-project\\vendor\\laravel\\framework\\src\\Illuminate\\Foundation\\helpers.php(120): Illuminate\\Foundation\\Application->make('Illuminate\\\\Cont...', Array)
#39 C:\\Users\\USER\\Documents\\GitHub\\Take-Home-Assessment\\laravel-project\\vendor\\laravel\\framework\\src\\Illuminate\\Foundation\\helpers.php(790): app('Illuminate\\\\Cont...')
#40 C:\\Users\\USER\\Documents\\GitHub\\Take-Home-Assessment\\laravel-project\\vendor\\laravel\\framework\\src\\Illuminate\\Foundation\\Exceptions\\Handler.php(723): response()
#41 C:\\Users\\USER\\Documents\\GitHub\\Take-Home-Assessment\\laravel-project\\vendor\\laravel\\framework\\src\\Illuminate\\Foundation\\Exceptions\\Handler.php(650): Illuminate\\Foundation\\Exceptions\\Handler->renderHttpException(Object(Symfony\\Component\\HttpKernel\\Exception\\NotFoundHttpException))
#42 C:\\Users\\USER\\Documents\\GitHub\\Take-Home-Assessment\\laravel-project\\vendor\\laravel\\framework\\src\\Illuminate\\Foundation\\Exceptions\\Handler.php(556): Illuminate\\Foundation\\Exceptions\\Handler->prepareResponse(Object(Illuminate\\Http\\Request), Object(Symfony\\Component\\HttpKernel\\Exception\\NotFoundHttpException))
#43 C:\\Users\\USER\\Documents\\GitHub\\Take-Home-Assessment\\laravel-project\\vendor\\laravel\\framework\\src\\Illuminate\\Foundation\\Exceptions\\Handler.php(473): Illuminate\\Foundation\\Exceptions\\Handler->renderExceptionResponse(Object(Illuminate\\Http\\Request), Object(Symfony\\Component\\HttpKernel\\Exception\\NotFoundHttpException))
#44 C:\\Users\\USER\\Documents\\GitHub\\Take-Home-Assessment\\laravel-project\\vendor\\laravel\\framework\\src\\Illuminate\\Routing\\Pipeline.php(51): Illuminate\\Foundation\\Exceptions\\Handler->render(Object(Illuminate\\Http\\Request), Object(Symfony\\Component\\HttpKernel\\Exception\\NotFoundHttpException))
#45 C:\\Users\\USER\\Documents\\GitHub\\Take-Home-Assessment\\laravel-project\\vendor\\laravel\\framework\\src\\Illuminate\\Pipeline\\Pipeline.php(146): Illuminate\\Routing\\Pipeline->handleException(Object(Illuminate\\Http\\Request), Object(Symfony\\Component\\HttpKernel\\Exception\\NotFoundHttpException))
#46 C:\\Users\\USER\\Documents\\GitHub\\Take-Home-Assessment\\laravel-project\\vendor\\laravel\\framework\\src\\Illuminate\\Foundation\\Http\\Middleware\\TransformsRequest.php(21): Illuminate\\Pipeline\\Pipeline->{closure:Illuminate\\Pipeline\\Pipeline::prepareDestination():142}(Object(Illuminate\\Http\\Request))
#47 C:\\Users\\USER\\Documents\\GitHub\\Take-Home-Assessment\\laravel-project\\vendor\\laravel\\framework\\src\\Illuminate\\Foundation\\Http\\Middleware\\ConvertEmptyStringsToNull.php(31): Illuminate\\Foundation\\Http\\Middleware\\TransformsRequest->handle(Object(Illuminate\\Http\\Request), Object(Closure))
#48 C:\\Users\\USER\\Documents\\GitHub\\Take-Home-Assessment\\laravel-project\\vendor\\laravel\\framework\\src\\Illuminate\\Pipeline\\Pipeline.php(183): Illuminate\\Foundation\\Http\\Middleware\\ConvertEmptyStringsToNull->handle(Object(Illuminate\\Http\\Request), Object(Closure))
#49 C:\\Users\\USER\\Documents\\GitHub\\Take-Home-Assessment\\laravel-project\\vendor\\laravel\\framework\\src\\Illuminate\\Foundation\\Http\\Middleware\\TransformsRequest.php(21): Illuminate\\Pipeline\\Pipeline->{closure:{closure:Illuminate\\Pipeline\\Pipeline::carry():158}:159}(Object(Illuminate\\Http\\Request))
#50 C:\\Users\\USER\\Documents\\GitHub\\Take-Home-Assessment\\laravel-project\\vendor\\laravel\\framework\\src\\Illuminate\\Foundation\\Http\\Middleware\\TrimStrings.php(40): Illuminate\\Foundation\\Http\\Middleware\\TransformsRequest->handle(Object(Illuminate\\Http\\Request), Object(Closure))
#51 C:\\Users\\USER\\Documents\\GitHub\\Take-Home-Assessment\\laravel-project\\vendor\\laravel\\framework\\src\\Illuminate\\Pipeline\\Pipeline.php(183): Illuminate\\Foundation\\Http\\Middleware\\TrimStrings->handle(Object(Illuminate\\Http\\Request), Object(Closure))
#52 C:\\Users\\USER\\Documents\\GitHub\\Take-Home-Assessment\\laravel-project\\vendor\\laravel\\framework\\src\\Illuminate\\Foundation\\Http\\Middleware\\ValidatePostSize.php(27): Illuminate\\Pipeline\\Pipeline->{closure:{closure:Illuminate\\Pipeline\\Pipeline::carry():158}:159}(Object(Illuminate\\Http\\Request))
#53 C:\\Users\\USER\\Documents\\GitHub\\Take-Home-Assessment\\laravel-project\\vendor\\laravel\\framework\\src\\Illuminate\\Pipeline\\Pipeline.php(183): Illuminate\\Foundation\\Http\\Middleware\\ValidatePostSize->handle(Object(Illuminate\\Http\\Request), Object(Closure))
#54 C:\\Users\\USER\\Documents\\GitHub\\Take-Home-Assessment\\laravel-project\\vendor\\laravel\\framework\\src\\Illuminate\\Foundation\\Http\\Middleware\\PreventRequestsDuringMaintenance.php(99): Illuminate\\Pipeline\\Pipeline->{closure:{closure:Illuminate\\Pipeline\\Pipeline::carry():158}:159}(Object(Illuminate\\Http\\Request))
#55 C:\\Users\\USER\\Documents\\GitHub\\Take-Home-Assessment\\laravel-project\\vendor\\laravel\\framework\\src\\Illuminate\\Pipeline\\Pipeline.php(183): Illuminate\\Foundation\\Http\\Middleware\\PreventRequestsDuringMaintenance->handle(Object(Illuminate\\Http\\Request), Object(Closure))
#56 C:\\Users\\USER\\Documents\\GitHub\\Take-Home-Assessment\\laravel-project\\vendor\\laravel\\framework\\src\\Illuminate\\Http\\Middleware\\HandleCors.php(49): Illuminate\\Pipeline\\Pipeline->{closure:{closure:Illuminate\\Pipeline\\Pipeline::carry():158}:159}(Object(Illuminate\\Http\\Request))
#57 C:\\Users\\USER\\Documents\\GitHub\\Take-Home-Assessment\\laravel-project\\vendor\\laravel\\framework\\src\\Illuminate\\Pipeline\\Pipeline.php(183): Illuminate\\Http\\Middleware\\HandleCors->handle(Object(Illuminate\\Http\\Request), Object(Closure))
#58 C:\\Users\\USER\\Documents\\GitHub\\Take-Home-Assessment\\laravel-project\\vendor\\laravel\\framework\\src\\Illuminate\\Http\\Middleware\\TrustProxies.php(39): Illuminate\\Pipeline\\Pipeline->{closure:{closure:Illuminate\\Pipeline\\Pipeline::carry():158}:159}(Object(Illuminate\\Http\\Request))
#59 C:\\Users\\USER\\Documents\\GitHub\\Take-Home-Assessment\\laravel-project\\vendor\\laravel\\framework\\src\\Illuminate\\Pipeline\\Pipeline.php(183): Illuminate\\Http\\Middleware\\TrustProxies->handle(Object(Illuminate\\Http\\Request), Object(Closure))
#60 C:\\Users\\USER\\Documents\\GitHub\\Take-Home-Assessment\\laravel-project\\vendor\\laravel\\framework\\src\\Illuminate\\Pipeline\\Pipeline.php(119): Illuminate\\Pipeline\\Pipeline->{closure:{closure:Illuminate\\Pipeline\\Pipeline::carry():158}:159}(Object(Illuminate\\Http\\Request))
#61 C:\\Users\\USER\\Documents\\GitHub\\Take-Home-Assessment\\laravel-project\\vendor\\laravel\\framework\\src\\Illuminate\\Foundation\\Http\\Kernel.php(175): Illuminate\\Pipeline\\Pipeline->then(Object(Closure))
#62 C:\\Users\\USER\\Documents\\GitHub\\Take-Home-Assessment\\laravel-project\\vendor\\laravel\\framework\\src\\Illuminate\\Foundation\\Http\\Kernel.php(144): Illuminate\\Foundation\\Http\\Kernel->sendRequestThroughRouter(Object(Illuminate\\Http\\Request))
#63 C:\\Users\\USER\\Documents\\GitHub\\Take-Home-Assessment\\laravel-project\\public\\index.php(50): Illuminate\\Foundation\\Http\\Kernel->handle(Object(Illuminate\\Http\\Request))
#64 C:\\Users\\USER\\Documents\\GitHub\\Take-Home-Assessment\\laravel-project\\vendor\\laravel\\framework\\src\\Illuminate\\Foundation\\resources\\server.php(16): require_once('C:\\\\Users\\\\USER\\\\D...')
#65 {main}
"} 
[2025-11-20 14:04:46] laravel.EMERGENCY: Unable to create configured logger. Using emergency logger. {"exception":"[object] (InvalidArgumentException(code: 0): Log [] is not defined. at C:\\Users\\USER\\Documents\\GitHub\\Take-Home-Assessment\\laravel-project\\vendor\\laravel\\framework\\src\\Illuminate\\Log\\LogManager.php:212)
[stacktrace]
#0 C:\\Users\\USER\\Documents\\GitHub\\Take-Home-Assessment\\laravel-project\\vendor\\laravel\\framework\\src\\Illuminate\\Log\\LogManager.php(137): Illuminate\\Log\\LogManager->resolve(NULL, NULL)
#1 C:\\Users\\USER\\Documents\\GitHub\\Take-Home-Assessment\\laravel-project\\vendor\\laravel\\framework\\src\\Illuminate\\Log\\LogManager.php(124): Illuminate\\Log\\LogManager->get(NULL)
#2 C:\\Users\\USER\\Documents\\GitHub\\Take-Home-Assessment\\laravel-project\\vendor\\laravel\\framework\\src\\Illuminate\\Log\\LogManager.php(681): Illuminate\\Log\\LogManager->driver()
#3 C:\\Users\\USER\\Documents\\GitHub\\Take-Home-Assessment\\laravel-project\\vendor\\laravel\\framework\\src\\Illuminate\\Foundation\\Exceptions\\Handler.php(317): Illuminate\\Log\\LogManager->error('Database file a...', Array)
#4 C:\\Users\\USER\\Documents\\GitHub\\Take-Home-Assessment\\laravel-project\\vendor\\laravel\\framework\\src\\Illuminate\\Foundation\\Exceptions\\Handler.php(278): Illuminate\\Foundation\\Exceptions\\Handler->reportThrowable(Object(Illuminate\\Database\\QueryException))
#5 C:\\Users\\USER\\Documents\\GitHub\\Take-Home-Assessment\\laravel-project\\vendor\\laravel\\framework\\src\\Illuminate\\Routing\\Pipeline.php(49): Illuminate\\Foundation\\Exceptions\\Handler->report(Object(Illuminate\\Database\\QueryException))
#6 C:\\Users\\USER\\Documents\\GitHub\\Take-Home-Assessment\\laravel-project\\vendor\\laravel\\framework\\src\\Illuminate\\Pipeline\\Pipeline.php(188): Illuminate\\Routing\\Pipeline->handleException(Object(Illuminate\\Http\\Request), Object(Illuminate\\Database\\QueryException))
#7 C:\\Users\\USER\\Documents\\GitHub\\Take-Home-Assessment\\laravel-project\\vendor\\laravel\\framework\\src\\Illuminate\\Foundation\\Http\\Middleware\\TransformsRequest.php(21): Illuminate\\Pipeline\\Pipeline->{closure:{closure:Illuminate\\Pipeline\\Pipeline::carry():158}:159}(Object(Illuminate\\Http\\Request))
#8 C:\\Users\\USER\\Documents\\GitHub\\Take-Home-Assessment\\laravel-project\\vendor\\laravel\\framework\\src\\Illuminate\\Foundation\\Http\\Middleware\\TrimStrings.php(40): Illuminate\\Foundation\\Http\\Middleware\\TransformsRequest->handle(Object(Illuminate\\Http\\Request), Object(Closure))
#9 C:\\Users\\USER\\Documents\\GitHub\\Take-Home-Assessment\\laravel-project\\vendor\\laravel\\framework\\src\\Illuminate\\Pipeline\\Pipeline.php(183): Illuminate\\Foundation\\Http\\Middleware\\TrimStrings->handle(Object(Illuminate\\Http\\Request), Object(Closure))
#10 C:\\Users\\USER\\Documents\\GitHub\\Take-Home-Assessment\\laravel-project\\vendor\\laravel\\framework\\src\\Illuminate\\Foundation\\Http\\Middleware\\ValidatePostSize.php(27): Illuminate\\Pipeline\\Pipeline->{closure:{closure:Illuminate\\Pipeline\\Pipeline::carry():158}:159}(Object(Illuminate\\Http\\Request))
#11 C:\\Users\\USER\\Documents\\GitHub\\Take-Home-Assessment\\laravel-project\\vendor\\laravel\\framework\\src\\Illuminate\\Pipeline\\Pipeline.php(183): Illuminate\\Foundation\\Http\\Middleware\\ValidatePostSize->handle(Object(Illuminate\\Http\\Request), Object(Closure))
#12 C:\\Users\\USER\\Documents\\GitHub\\Take-Home-Assessment\\laravel-project\\vendor\\laravel\\framework\\src\\Illuminate\\Foundation\\Http\\Middleware\\PreventRequestsDuringMaintenance.php(99): Illuminate\\Pipeline\\Pipeline->{closure:{closure:Illuminate\\Pipeline\\Pipeline::carry():158}:159}(Object(Illuminate\\Http\\Request))
#13 C:\\Users\\USER\\Documents\\GitHub\\Take-Home-Assessment\\laravel-project\\vendor\\laravel\\framework\\src\\Illuminate\\Pipeline\\Pipeline.php(183): Illuminate\\Foundation\\Http\\Middleware\\PreventRequestsDuringMaintenance->handle(Object(Illuminate\\Http\\Request), Object(Closure))
#14 C:\\Users\\USER\\Documents\\GitHub\\Take-Home-Assessment\\laravel-project\\vendor\\laravel\\framework\\src\\Illuminate\\Http\\Middleware\\HandleCors.php(49): Illuminate\\Pipeline\\Pipeline->{closure:{closure:Illuminate\\Pipeline\\Pipeline::carry():158}:159}(Object(Illuminate\\Http\\Request))
#15 C:\\Users\\USER\\Documents\\GitHub\\Take-Home-Assessment\\laravel-project\\vendor\\laravel\\framework\\src\\Illuminate\\Pipeline\\Pipeline.php(183): Illuminate\\Http\\Middleware\\HandleCors->handle(Object(Illuminate\\Http\\Request), Object(Closure))
#16 C:\\Users\\USER\\Documents\\GitHub\\Take-Home-Assessment\\laravel-project\\vendor\\laravel\\framework\\src\\Illuminate\\Http\\Middleware\\TrustProxies.php(39): Illuminate\\Pipeline\\Pipeline->{closure:{closure:Illuminate\\Pipeline\\Pipeline::carry():158}:159}(Object(Illuminate\\Http\\Request))
#17 C:\\Users\\USER\\Documents\\GitHub\\Take-Home-Assessment\\laravel-project\\vendor\\laravel\\framework\\src\\Illuminate\\Pipeline\\Pipeline.php(183): Illuminate\\Http\\Middleware\\TrustProxies->handle(Object(Illuminate\\Http\\Request), Object(Closure))
#18 C:\\Users\\USER\\Documents\\GitHub\\Take-Home-Assessment\\laravel-project\\vendor\\laravel\\framework\\src\\Illuminate\\Pipeline\\Pipeline.php(119): Illuminate\\Pipeline\\Pipeline->{closure:{closure:Illuminate\\Pipeline\\Pipeline::carry():158}:159}(Object(Illuminate\\Http\\Request))
#19 C:\\Users\\USER\\Documents\\GitHub\\Take-Home-Assessment\\laravel-project\\vendor\\laravel\\framework\\src\\Illuminate\\Foundation\\Http\\Kernel.php(175): Illuminate\\Pipeline\\Pipeline->then(Object(Closure))
#20 C:\\Users\\USER\\Documents\\GitHub\\Take-Home-Assessment\\laravel-project\\vendor\\laravel\\framework\\src\\Illuminate\\Foundation\\Http\\Kernel.php(144): Illuminate\\Foundation\\Http\\Kernel->sendRequestThroughRouter(Object(Illuminate\\Http\\Request))
#21 C:\\Users\\USER\\Documents\\GitHub\\Take-Home-Assessment\\laravel-project\\public\\index.php(50): Illuminate\\Foundation\\Http\\Kernel->handle(Object(Illuminate\\Http\\Request))
#22 C:\\Users\\USER\\Documents\\GitHub\\Take-Home-Assessment\\laravel-project\\vendor\\laravel\\framework\\src\\Illuminate\\Foundation\\resources\\server.php(16): require_once('C:\\\\Users\\\\USER\\\\D...')
#23 {main}
"} 
[2025-11-20 14:04:46] laravel.ERROR: Database file at path [database.sqlite] does not exist. Ensure this is an absolute path to the database. (Connection: sqlite, SQL: PRAGMA foreign_keys = ON;) {"exception":"[object] (Illuminate\\Database\\QueryException(code: 0): Database file at path [database.sqlite] does not exist. Ensure this is an absolute path to the database. (Connection: sqlite, SQL: PRAGMA foreign_keys = ON;) at C:\\Users\\USER\\Documents\\GitHub\\Take-Home-Assessment\\laravel-project\\vendor\\laravel\\framework\\src\\Illuminate\\Database\\Connection.php:829)
[stacktrace]
#0 C:\\Users\\USER\\Documents\\GitHub\\Take-Home-Assessment\\laravel-project\\vendor\\laravel\\framework\\src\\Illuminate\\Database\\Connection.php(783): Illuminate\\Database\\Connection->runQueryCallback('PRAGMA foreign_...', Array, Object(Closure))
#1 C:\\Users\\USER\\Documents\\GitHub\\Take-Home-Assessment\\laravel-project\\vendor\\laravel\\framework\\src\\Illuminate\\Database\\Connection.php(576): Illuminate\\Database\\Connection->run('PRAGMA foreign_...', Array, Object(Closure))
#2 C:\\Users\\USER\\Documents\\GitHub\\Take-Home-Assessment\\laravel-project\\vendor\\laravel\\framework\\src\\Illuminate\\Database\\Schema\\Builder.php(560): Illuminate\\Database\\Connection->statement('PRAGMA foreign_...')
#3 C:\\Users\\USER\\Documents\\GitHub\\Take-Home-Assessment\\laravel-project\\vendor\\laravel\\framework\\src\\Illuminate\\Database\\SQLiteConnection.php(36): Illuminate\\Database\\Schema\\Builder->enableForeignKeyConstraints()
#4 C:\\Users\\USER\\Documents\\GitHub\\Take-Home-Assessment\\laravel-project\\vendor\\laravel\\framework\\src\\Illuminate\\Database\\Connectors\\ConnectionFactory.php(272): Illuminate\\Database\\SQLiteConnection->__construct(Object(Closure), 'database.sqlite', '', Array)
#5 C:\\Users\\USER\\Documents\\GitHub\\Take-Home-Assessment\\laravel-project\\vendor\\laravel\\framework\\src\\Illuminate\\Database\\Connectors\\ConnectionFactory.php(75): Illuminate\\Database\\Connectors\\ConnectionFactory->createConnection('sqlite', Object(Closure), 'database.sqlite', '', Array)
#6 C:\\Users\\USER\\Documents\\GitHub\\Take-Home-Assessment\\laravel-project\\vendor\\laravel\\framework\\src\\Illuminate\\Database\\Connectors\\ConnectionFactory.php(50): Illuminate\\Database\\Connectors\\ConnectionFactory->createSingleConnection(Array)
#7 C:\\Users\\USER\\Documents\\GitHub\\Take-Home-Assessment\\laravel-project\\vendor\\laravel\\framework\\src\\Illuminate\\Database\\DatabaseManager.php(175): Illuminate\\Database\\Connectors\\ConnectionFactory->make(Array, 'sqlite')
#8 C:\\Users\\USER\\Documents\\GitHub\\Take-Home-Assessment\\laravel-project\\vendor\\laravel\\framework\\src\\Illuminate\\Database\\DatabaseManager.php(101): Illuminate\\Database\\DatabaseManager->makeConnection('sqlite')
#9 C:\\Users\\USER\\Documents\\GitHub\\Take-Home-Assessment\\laravel-project\\vendor\\laravel\\framework\\src\\Illuminate\\Session\\SessionManager.php(108): Illuminate\\Database\\DatabaseManager->connection('sqlite')
#10 C:\\Users\\USER\\Documents\\GitHub\\Take-Home-Assessment\\laravel-project\\vendor\\laravel\\framework\\src\\Illuminate\\Session\\SessionManager.php(95): Illuminate\\Session\\SessionManager->getDatabaseConnection()
#11 C:\\Users\\USER\\Documents\\GitHub\\Take-Home-Assessment\\laravel-project\\vendor\\laravel\\framework\\src\\Illuminate\\Support\\Manager.php(106): Illuminate\\Session\\SessionManager->createDatabaseDriver()
#12 C:\\Users\\USER\\Documents\\GitHub\\Take-Home-Assessment\\laravel-project\\vendor\\laravel\\framework\\src\\Illuminate\\Support\\Manager.php(80): Illuminate\\Support\\Manager->createDriver('database')
#13 C:\\Users\\USER\\Documents\\GitHub\\Take-Home-Assessment\\laravel-project\\vendor\\laravel\\framework\\src\\Illuminate\\Session\\SessionServiceProvider.php(52): Illuminate\\Support\\Manager->driver()
#14 C:\\Users\\USER\\Documents\\GitHub\\Take-Home-Assessment\\laravel-project\\vendor\\laravel\\framework\\src\\Illuminate\\Container\\Container.php(908): Illuminate\\Session\\SessionServiceProvider->{closure:Illuminate\\Session\\SessionServiceProvider::registerSessionDriver():48}(Object(Illuminate\\Foundation\\Application), Array)
#15 C:\\Users\\USER\\Documents\\GitHub\\Take-Home-Assessment\\laravel-project\\vendor\\laravel\\framework\\src\\Illuminate\\Container\\Container.php(795): Illuminate\\Container\\Container->build(Object(Closure))
#16 C:\\Users\\USER\\Documents\\GitHub\\Take-Home-Assessment\\laravel-project\\vendor\\laravel\\framework\\src\\Illuminate\\Foundation\\Application.php(986): Illuminate\\Container\\Container->resolve('session.store', Array, true)
#17 C:\\Users\\USER\\Documents\\GitHub\\Take-Home-Assessment\\laravel-project\\vendor\\laravel\\framework\\src\\Illuminate\\Container\\Container.php(731): Illuminate\\Foundation\\Application->resolve('session.store', Array)
#18 C:\\Users\\USER\\Documents\\GitHub\\Take-Home-Assessment\\laravel-project\\vendor\\laravel\\framework\\src\\Illuminate\\Foundation\\Application.php(971): Illuminate\\Container\\Container->make('session.store', Array)
#19 C:\\Users\\USER\\Documents\\GitHub\\Take-Home-Assessment\\laravel-project\\vendor\\laravel\\framework\\src\\Illuminate\\Container\\Container.php(1454): Illuminate\\Foundation\\Application->make('session.store')
#20 C:\\Users\\USER\\Documents\\GitHub\\Take-Home-Assessment\\laravel-project\\vendor\\laravel\\framework\\src\\Illuminate\\Routing\\RoutingServiceProvider.php(120): Illuminate\\Container\\Container->offsetGet('session.store')
#21 C:\\Users\\USER\\Documents\\GitHub\\Take-Home-Assessment\\laravel-project\\vendor\\laravel\\framework\\src\\Illuminate\\Container\\Container.php(908): Illuminate\\Routing\\RoutingServiceProvider->{closure:Illuminate\\Routing\\RoutingServiceProvider::registerRedirector():113}(Object(Illuminate\\Foundation\\Application), Array)
#22 C:\\Users\\USER\\Documents\\GitHub\\Take-Home-Assessment\\laravel-project\\vendor\\laravel\\framework\\src\\Illuminate\\Container\\Container.php(795): Illuminate\\Container\\Container->build(Object(Closure))
#23 C:\\Users\\USER\\Documents\\GitHub\\Take-Home-Assessment\\laravel-project\\vendor\\laravel\\framework\\src\\Illuminate\\Foundation\\Application.php(986): Illuminate\\Container\\Container->resolve('redirect', Array, true)
#24 C:\\Users\\USER\\Documents\\GitHub\\Take-Home-Assessment\\laravel-project\\vendor\\laravel\\framework\\src\\Illuminate\\Container\\Container.php(731): Illuminate\\Foundation\\Application->resolve('redirect', Array)
#25 C:\\Users\\USER\\Documents\\GitHub\\Take-Home-Assessment\\laravel-project\\vendor\\laravel\\framework\\src\\Illuminate\\Foundation\\Application.php(971): Illuminate\\Container\\Container->make('redirect', Array)
#26 C:\\Users\\USER\\Documents\\GitHub\\Take-Home-Assessment\\laravel-project\\vendor\\laravel\\framework\\src\\Illuminate\\Container\\Container.php(1454): Illuminate\\Foundation\\Application->make('redirect')
#27 C:\\Users\\USER\\Documents\\GitHub\\Take-Home-Assessment\\laravel-project\\vendor\\laravel\\framework\\src\\Illuminate\\Routing\\RoutingServiceProvider.php(182): Illuminate\\Container\\Container->offsetGet('redirect')
#28 C:\\Users\\USER\\Documents\\GitHub\\Take-Home-Assessment\\laravel-project\\vendor\\laravel\\framework\\src\\Illuminate\\Container\\Container.php(908): Illuminate\\Routing\\RoutingServiceProvider->{closure:Illuminate\\Routing\\RoutingServiceProvider::registerResponseFactory():181}(Object(Illuminate\\Foundation\\Application), Array)
#29 C:\\Users\\USER\\Documents\\GitHub\\Take-Home-Assessment\\laravel-project\\vendor\\laravel\\framework\\src\\Illuminate\\Container\\Container.php(795): Illuminate\\Container\\Container->build(Object(Closure))
#30 C:\\Users\\USER\\Documents\\GitHub\\Take-Home-Assessment\\laravel-project\\vendor\\laravel\\framework\\src\\Illuminate\\Foundation\\Application.php(986): Illuminate\\Container\\Container->resolve('Illuminate\\\\Cont...', Array, true)
#31 C:\\Users\\USER\\Documents\\GitHub\\Take-Home-Assessment\\laravel-project\\vendor\\laravel\\framework\\src\\Illuminate\\Container\\Container.php(731): Illuminate\\Foundation\\Application->resolve('Illuminate\\\\Cont...', Array)
#32 C:\\Users\\USER\\Documents\\GitHub\\Take-Home-Assessment\\laravel-project\\vendor\\laravel\\framework\\src\\Illuminate\\Foundation\\Application.php(971): Illuminate\\Container\\Container->make('Illuminate\\\\Cont...', Array)
#33 C:\\Users\\USER\\Documents\\GitHub\\Take-Home-Assessment\\laravel-project\\vendor\\laravel\\framework\\src\\Illuminate\\Foundation\\helpers.php(120): Illuminate\\Foundation\\Application->make('Illuminate\\\\Cont...', Array)
#34 C:\\Users\\USER\\Documents\\GitHub\\Take-Home-Assessment\\laravel-project\\vendor\\laravel\\framework\\src\\Illuminate\\Foundation\\helpers.php(790): app('Illuminate\\\\Cont...')
#35 C:\\Users\\USER\\Documents\\GitHub\\Take-Home-Assessment\\laravel-project\\vendor\\laravel\\framework\\src\\Illuminate\\Foundation\\Exceptions\\Handler.php(723): response()
#36 C:\\Users\\USER\\Documents\\GitHub\\Take-Home-Assessment\\laravel-project\\vendor\\laravel\\framework\\src\\Illuminate\\Foundation\\Exceptions\\Handler.php(650): Illuminate\\Foundation\\Exceptions\\Handler->renderHttpException(Object(Symfony\\Component\\HttpKernel\\Exception\\NotFoundHttpException))
#37 C:\\Users\\USER\\Documents\\GitHub\\Take-Home-Assessment\\laravel-project\\vendor\\laravel\\framework\\src\\Illuminate\\Foundation\\Exceptions\\Handler.php(556): Illuminate\\Foundation\\Exceptions\\Handler->prepareResponse(Object(Illuminate\\Http\\Request), Object(Symfony\\Component\\HttpKernel\\Exception\\NotFoundHttpException))
#38 C:\\Users\\USER\\Documents\\GitHub\\Take-Home-Assessment\\laravel-project\\vendor\\laravel\\framework\\src\\Illuminate\\Foundation\\Exceptions\\Handler.php(473): Illuminate\\Foundation\\Exceptions\\Handler->renderExceptionResponse(Object(Illuminate\\Http\\Request), Object(Symfony\\Component\\HttpKernel\\Exception\\NotFoundHttpException))
#39 C:\\Users\\USER\\Documents\\GitHub\\Take-Home-Assessment\\laravel-project\\vendor\\laravel\\framework\\src\\Illuminate\\Routing\\Pipeline.php(51): Illuminate\\Foundation\\Exceptions\\Handler->render(Object(Illuminate\\Http\\Request), Object(Symfony\\Component\\HttpKernel\\Exception\\NotFoundHttpException))
#40 C:\\Users\\USER\\Documents\\GitHub\\Take-Home-Assessment\\laravel-project\\vendor\\laravel\\framework\\src\\Illuminate\\Pipeline\\Pipeline.php(146): Illuminate\\Routing\\Pipeline->handleException(Object(Illuminate\\Http\\Request), Object(Symfony\\Component\\HttpKernel\\Exception\\NotFoundHttpException))
#41 C:\\Users\\USER\\Documents\\GitHub\\Take-Home-Assessment\\laravel-project\\vendor\\laravel\\framework\\src\\Illuminate\\Foundation\\Http\\Middleware\\TransformsRequest.php(21): Illuminate\\Pipeline\\Pipeline->{closure:Illuminate\\Pipeline\\Pipeline::prepareDestination():142}(Object(Illuminate\\Http\\Request))
#42 C:\\Users\\USER\\Documents\\GitHub\\Take-Home-Assessment\\laravel-project\\vendor\\laravel\\framework\\src\\Illuminate\\Foundation\\Http\\Middleware\\ConvertEmptyStringsToNull.php(31): Illuminate\\Foundation\\Http\\Middleware\\TransformsRequest->handle(Object(Illuminate\\Http\\Request), Object(Closure))
#43 C:\\Users\\USER\\Documents\\GitHub\\Take-Home-Assessment\\laravel-project\\vendor\\laravel\\framework\\src\\Illuminate\\Pipeline\\Pipeline.php(183): Illuminate\\Foundation\\Http\\Middleware\\ConvertEmptyStringsToNull->handle(Object(Illuminate\\Http\\Request), Object(Closure))
#44 C:\\Users\\USER\\Documents\\GitHub\\Take-Home-Assessment\\laravel-project\\vendor\\laravel\\framework\\src\\Illuminate\\Foundation\\Http\\Middleware\\TransformsRequest.php(21): Illuminate\\Pipeline\\Pipeline->{closure:{closure:Illuminate\\Pipeline\\Pipeline::carry():158}:159}(Object(Illuminate\\Http\\Request))
#45 C:\\Users\\USER\\Documents\\GitHub\\Take-Home-Assessment\\laravel-project\\vendor\\laravel\\framework\\src\\Illuminate\\Foundation\\Http\\Middleware\\TrimStrings.php(40): Illuminate\\Foundation\\Http\\Middleware\\TransformsRequest->handle(Object(Illuminate\\Http\\Request), Object(Closure))
#46 C:\\Users\\USER\\Documents\\GitHub\\Take-Home-Assessment\\laravel-project\\vendor\\laravel\\framework\\src\\Illuminate\\Pipeline\\Pipeline.php(183): Illuminate\\Foundation\\Http\\Middleware\\TrimStrings->handle(Object(Illuminate\\Http\\Request), Object(Closure))
#47 C:\\Users\\USER\\Documents\\GitHub\\Take-Home-Assessment\\laravel-project\\vendor\\laravel\\framework\\src\\Illuminate\\Foundation\\Http\\Middleware\\ValidatePostSize.php(27): Illuminate\\Pipeline\\Pipeline->{closure:{closure:Illuminate\\Pipeline\\Pipeline::carry():158}:159}(Object(Illuminate\\Http\\Request))
#48 C:\\Users\\USER\\Documents\\GitHub\\Take-Home-Assessment\\laravel-project\\vendor\\laravel\\framework\\src\\Illuminate\\Pipeline\\Pipeline.php(183): Illuminate\\Foundation\\Http\\Middleware\\ValidatePostSize->handle(Object(Illuminate\\Http\\Request), Object(Closure))
#49 C:\\Users\\USER\\Documents\\GitHub\\Take-Home-Assessment\\laravel-project\\vendor\\laravel\\framework\\src\\Illuminate\\Foundation\\Http\\Middleware\\PreventRequestsDuringMaintenance.php(99): Illuminate\\Pipeline\\Pipeline->{closure:{closure:Illuminate\\Pipeline\\Pipeline::carry():158}:159}(Object(Illuminate\\Http\\Request))
#50 C:\\Users\\USER\\Documents\\GitHub\\Take-Home-Assessment\\laravel-project\\vendor\\laravel\\framework\\src\\Illuminate\\Pipeline\\Pipeline.php(183): Illuminate\\Foundation\\Http\\Middleware\\PreventRequestsDuringMaintenance->handle(Object(Illuminate\\Http\\Request), Object(Closure))
#51 C:\\Users\\USER\\Documents\\GitHub\\Take-Home-Assessment\\laravel-project\\vendor\\laravel\\framework\\src\\Illuminate\\Http\\Middleware\\HandleCors.php(49): Illuminate\\Pipeline\\Pipeline->{closure:{closure:Illuminate\\Pipeline\\Pipeline::carry():158}:159}(Object(Illuminate\\Http\\Request))
#52 C:\\Users\\USER\\Documents\\GitHub\\Take-Home-Assessment\\laravel-project\\vendor\\laravel\\framework\\src\\Illuminate\\Pipeline\\Pipeline.php(183): Illuminate\\Http\\Middleware\\HandleCors->handle(Object(Illuminate\\Http\\Request), Object(Closure))
#53 C:\\Users\\USER\\Documents\\GitHub\\Take-Home-Assessment\\laravel-project\\vendor\\laravel\\framework\\src\\Illuminate\\Http\\Middleware\\TrustProxies.php(39): Illuminate\\Pipeline\\Pipeline->{closure:{closure:Illuminate\\Pipeline\\Pipeline::carry():158}:159}(Object(Illuminate\\Http\\Request))
#54 C:\\Users\\USER\\Documents\\GitHub\\Take-Home-Assessment\\laravel-project\\vendor\\laravel\\framework\\src\\Illuminate\\Pipeline\\Pipeline.php(183): Illuminate\\Http\\Middleware\\TrustProxies->handle(Object(Illuminate\\Http\\Request), Object(Closure))
#55 C:\\Users\\USER\\Documents\\GitHub\\Take-Home-Assessment\\laravel-project\\vendor\\laravel\\framework\\src\\Illuminate\\Pipeline\\Pipeline.php(119): Illuminate\\Pipeline\\Pipeline->{closure:{closure:Illuminate\\Pipeline\\Pipeline::carry():158}:159}(Object(Illuminate\\Http\\Request))
#56 C:\\Users\\USER\\Documents\\GitHub\\Take-Home-Assessment\\laravel-project\\vendor\\laravel\\framework\\src\\Illuminate\\Foundation\\Http\\Kernel.php(175): Illuminate\\Pipeline\\Pipeline->then(Object(Closure))
#57 C:\\Users\\USER\\Documents\\GitHub\\Take-Home-Assessment\\laravel-project\\vendor\\laravel\\framework\\src\\Illuminate\\Foundation\\Http\\Kernel.php(144): Illuminate\\Foundation\\Http\\Kernel->sendRequestThroughRouter(Object(Illuminate\\Http\\Request))
#58 C:\\Users\\USER\\Documents\\GitHub\\Take-Home-Assessment\\laravel-project\\public\\index.php(50): Illuminate\\Foundation\\Http\\Kernel->handle(Object(Illuminate\\Http\\Request))
#59 C:\\Users\\USER\\Documents\\GitHub\\Take-Home-Assessment\\laravel-project\\vendor\\laravel\\framework\\src\\Illuminate\\Foundation\\resources\\server.php(16): require_once('C:\\\\Users\\\\USER\\\\D...')
#60 {main}

[previous exception] [object] (Illuminate\\Database\\SQLiteDatabaseDoesNotExistException(code: 0): Database file at path [database.sqlite] does not exist. Ensure this is an absolute path to the database. at C:\\Users\\USER\\Documents\\GitHub\\Take-Home-Assessment\\laravel-project\\vendor\\laravel\\framework\\src\\Illuminate\\Database\\Connectors\\SQLiteConnector.php:34)
[stacktrace]
#0 C:\\Users\\USER\\Documents\\GitHub\\Take-Home-Assessment\\laravel-project\\vendor\\laravel\\framework\\src\\Illuminate\\Database\\Connectors\\ConnectionFactory.php(221): Illuminate\\Database\\Connectors\\SQLiteConnector->connect(Array)
#1 [internal function]: Illuminate\\Database\\Connectors\\ConnectionFactory->{closure:Illuminate\\Database\\Connectors\\ConnectionFactory::createPdoResolverWithoutHosts():221}()
#2 C:\\Users\\USER\\Documents\\GitHub\\Take-Home-Assessment\\laravel-project\\vendor\\laravel\\framework\\src\\Illuminate\\Database\\Connection.php(1339): call_user_func(Object(Closure))
#3 C:\\Users\\USER\\Documents\\GitHub\\Take-Home-Assessment\\laravel-project\\vendor\\laravel\\framework\\src\\Illuminate\\Database\\Connection.php(581): Illuminate\\Database\\Connection->getPdo()
#4 C:\\Users\\USER\\Documents\\GitHub\\Take-Home-Assessment\\laravel-project\\vendor\\laravel\\framework\\src\\Illuminate\\Database\\Connection.php(816): Illuminate\\Database\\Connection->{closure:Illuminate\\Database\\Connection::statement():576}('PRAGMA foreign_...', Array)
#5 C:\\Users\\USER\\Documents\\GitHub\\Take-Home-Assessment\\laravel-project\\vendor\\laravel\\framework\\src\\Illuminate\\Database\\Connection.php(783): Illuminate\\Database\\Connection->runQueryCallback('PRAGMA foreign_...', Array, Object(Closure))
#6 C:\\Users\\USER\\Documents\\GitHub\\Take-Home-Assessment\\laravel-project\\vendor\\laravel\\framework\\src\\Illuminate\\Database\\Connection.php(576): Illuminate\\Database\\Connection->run('PRAGMA foreign_...', Array, Object(Closure))
#7 C:\\Users\\USER\\Documents\\GitHub\\Take-Home-Assessment\\laravel-project\\vendor\\laravel\\framework\\src\\Illuminate\\Database\\Schema\\Builder.php(560): Illuminate\\Database\\Connection->statement('PRAGMA foreign_...')
#8 C:\\Users\\USER\\Documents\\GitHub\\Take-Home-Assessment\\laravel-project\\vendor\\laravel\\framework\\src\\Illuminate\\Database\\SQLiteConnection.php(36): Illuminate\\Database\\Schema\\Builder->enableForeignKeyConstraints()
#9 C:\\Users\\USER\\Documents\\GitHub\\Take-Home-Assessment\\laravel-project\\vendor\\laravel\\framework\\src\\Illuminate\\Database\\Connectors\\ConnectionFactory.php(272): Illuminate\\Database\\SQLiteConnection->__construct(Object(Closure), 'database.sqlite', '', Array)
#10 C:\\Users\\USER\\Documents\\GitHub\\Take-Home-Assessment\\laravel-project\\vendor\\laravel\\framework\\src\\Illuminate\\Database\\Connectors\\ConnectionFactory.php(75): Illuminate\\Database\\Connectors\\ConnectionFactory->createConnection('sqlite', Object(Closure), 'database.sqlite', '', Array)
#11 C:\\Users\\USER\\Documents\\GitHub\\Take-Home-Assessment\\laravel-project\\vendor\\laravel\\framework\\src\\Illuminate\\Database\\Connectors\\ConnectionFactory.php(50): Illuminate\\Database\\Connectors\\ConnectionFactory->createSingleConnection(Array)
#12 C:\\Users\\USER\\Documents\\GitHub\\Take-Home-Assessment\\laravel-project\\vendor\\laravel\\framework\\src\\Illuminate\\Database\\DatabaseManager.php(175): Illuminate\\Database\\Connectors\\ConnectionFactory->make(Array, 'sqlite')
#13 C:\\Users\\USER\\Documents\\GitHub\\Take-Home-Assessment\\laravel-project\\vendor\\laravel\\framework\\src\\Illuminate\\Database\\DatabaseManager.php(101): Illuminate\\Database\\DatabaseManager->makeConnection('sqlite')
#14 C:\\Users\\USER\\Documents\\GitHub\\Take-Home-Assessment\\laravel-project\\vendor\\laravel\\framework\\src\\Illuminate\\Session\\SessionManager.php(108): Illuminate\\Database\\DatabaseManager->connection('sqlite')
#15 C:\\Users\\USER\\Documents\\GitHub\\Take-Home-Assessment\\laravel-project\\vendor\\laravel\\framework\\src\\Illuminate\\Session\\SessionManager.php(95): Illuminate\\Session\\SessionManager->getDatabaseConnection()
#16 C:\\Users\\USER\\Documents\\GitHub\\Take-Home-Assessment\\laravel-project\\vendor\\laravel\\framework\\src\\Illuminate\\Support\\Manager.php(106): Illuminate\\Session\\SessionManager->createDatabaseDriver()
#17 C:\\Users\\USER\\Documents\\GitHub\\Take-Home-Assessment\\laravel-project\\vendor\\laravel\\framework\\src\\Illuminate\\Support\\Manager.php(80): Illuminate\\Support\\Manager->createDriver('database')
#18 C:\\Users\\USER\\Documents\\GitHub\\Take-Home-Assessment\\laravel-project\\vendor\\laravel\\framework\\src\\Illuminate\\Session\\SessionServiceProvider.php(52): Illuminate\\Support\\Manager->driver()
#19 C:\\Users\\USER\\Documents\\GitHub\\Take-Home-Assessment\\laravel-project\\vendor\\laravel\\framework\\src\\Illuminate\\Container\\Container.php(908): Illuminate\\Session\\SessionServiceProvider->{closure:Illuminate\\Session\\SessionServiceProvider::registerSessionDriver():48}(Object(Illuminate\\Foundation\\Application), Array)
#20 C:\\Users\\USER\\Documents\\GitHub\\Take-Home-Assessment\\laravel-project\\vendor\\laravel\\framework\\src\\Illuminate\\Container\\Container.php(795): Illuminate\\Container\\Container->build(Object(Closure))
#21 C:\\Users\\USER\\Documents\\GitHub\\Take-Home-Assessment\\laravel-project\\vendor\\laravel\\framework\\src\\Illuminate\\Foundation\\Application.php(986): Illuminate\\Container\\Container->resolve('session.store', Array, true)
#22 C:\\Users\\USER\\Documents\\GitHub\\Take-Home-Assessment\\laravel-project\\vendor\\laravel\\framework\\src\\Illuminate\\Container\\Container.php(731): Illuminate\\Foundation\\Application->resolve('session.store', Array)
#23 C:\\Users\\USER\\Documents\\GitHub\\Take-Home-Assessment\\laravel-project\\vendor\\laravel\\framework\\src\\Illuminate\\Foundation\\Application.php(971): Illuminate\\Container\\Container->make('session.store', Array)
#24 C:\\Users\\USER\\Documents\\GitHub\\Take-Home-Assessment\\laravel-project\\vendor\\laravel\\framework\\src\\Illuminate\\Container\\Container.php(1454): Illuminate\\Foundation\\Application->make('session.store')
#25 C:\\Users\\USER\\Documents\\GitHub\\Take-Home-Assessment\\laravel-project\\vendor\\laravel\\framework\\src\\Illuminate\\Routing\\RoutingServiceProvider.php(120): Illuminate\\Container\\Container->offsetGet('session.store')
#26 C:\\Users\\USER\\Documents\\GitHub\\Take-Home-Assessment\\laravel-project\\vendor\\laravel\\framework\\src\\Illuminate\\Container\\Container.php(908): Illuminate\\Routing\\RoutingServiceProvider->{closure:Illuminate\\Routing\\RoutingServiceProvider::registerRedirector():113}(Object(Illuminate\\Foundation\\Application), Array)
#27 C:\\Users\\USER\\Documents\\GitHub\\Take-Home-Assessment\\laravel-project\\vendor\\laravel\\framework\\src\\Illuminate\\Container\\Container.php(795): Illuminate\\Container\\Container->build(Object(Closure))
#28 C:\\Users\\USER\\Documents\\GitHub\\Take-Home-Assessment\\laravel-project\\vendor\\laravel\\framework\\src\\Illuminate\\Foundation\\Application.php(986): Illuminate\\Container\\Container->resolve('redirect', Array, true)
#29 C:\\Users\\USER\\Documents\\GitHub\\Take-Home-Assessment\\laravel-project\\vendor\\laravel\\framework\\src\\Illuminate\\Container\\Container.php(731): Illuminate\\Foundation\\Application->resolve('redirect', Array)
#30 C:\\Users\\USER\\Documents\\GitHub\\Take-Home-Assessment\\laravel-project\\vendor\\laravel\\framework\\src\\Illuminate\\Foundation\\Application.php(971): Illuminate\\Container\\Container->make('redirect', Array)
#31 C:\\Users\\USER\\Documents\\GitHub\\Take-Home-Assessment\\laravel-project\\vendor\\laravel\\framework\\src\\Illuminate\\Container\\Container.php(1454): Illuminate\\Foundation\\Application->make('redirect')
#32 C:\\Users\\USER\\Documents\\GitHub\\Take-Home-Assessment\\laravel-project\\vendor\\laravel\\framework\\src\\Illuminate\\Routing\\RoutingServiceProvider.php(182): Illuminate\\Container\\Container->offsetGet('redirect')
#33 C:\\Users\\USER\\Documents\\GitHub\\Take-Home-Assessment\\laravel-project\\vendor\\laravel\\framework\\src\\Illuminate\\Container\\Container.php(908): Illuminate\\Routing\\RoutingServiceProvider->{closure:Illuminate\\Routing\\RoutingServiceProvider::registerResponseFactory():181}(Object(Illuminate\\Foundation\\Application), Array)
#34 C:\\Users\\USER\\Documents\\GitHub\\Take-Home-Assessment\\laravel-project\\vendor\\laravel\\framework\\src\\Illuminate\\Container\\Container.php(795): Illuminate\\Container\\Container->build(Object(Closure))
#35 C:\\Users\\USER\\Documents\\GitHub\\Take-Home-Assessment\\laravel-project\\vendor\\laravel\\framework\\src\\Illuminate\\Foundation\\Application.php(986): Illuminate\\Container\\Container->resolve('Illuminate\\\\Cont...', Array, true)
#36 C:\\Users\\USER\\Documents\\GitHub\\Take-Home-Assessment\\laravel-project\\vendor\\laravel\\framework\\src\\Illuminate\\Container\\Container.php(731): Illuminate\\Foundation\\Application->resolve('Illuminate\\\\Cont...', Array)
#37 C:\\Users\\USER\\Documents\\GitHub\\Take-Home-Assessment\\laravel-project\\vendor\\laravel\\framework\\src\\Illuminate\\Foundation\\Application.php(971): Illuminate\\Container\\Container->make('Illuminate\\\\Cont...', Array)
#38 C:\\Users\\USER\\Documents\\GitHub\\Take-Home-Assessment\\laravel-project\\vendor\\laravel\\framework\\src\\Illuminate\\Foundation\\helpers.php(120): Illuminate\\Foundation\\Application->make('Illuminate\\\\Cont...', Array)
#39 C:\\Users\\USER\\Documents\\GitHub\\Take-Home-Assessment\\laravel-project\\vendor\\laravel\\framework\\src\\Illuminate\\Foundation\\helpers.php(790): app('Illuminate\\\\Cont...')
#40 C:\\Users\\USER\\Documents\\GitHub\\Take-Home-Assessment\\laravel-project\\vendor\\laravel\\framework\\src\\Illuminate\\Foundation\\Exceptions\\Handler.php(723): response()
#41 C:\\Users\\USER\\Documents\\GitHub\\Take-Home-Assessment\\laravel-project\\vendor\\laravel\\framework\\src\\Illuminate\\Foundation\\Exceptions\\Handler.php(650): Illuminate\\Foundation\\Exceptions\\Handler->renderHttpException(Object(Symfony\\Component\\HttpKernel\\Exception\\NotFoundHttpException))
#42 C:\\Users\\USER\\Documents\\GitHub\\Take-Home-Assessment\\laravel-project\\vendor\\laravel\\framework\\src\\Illuminate\\Foundation\\Exceptions\\Handler.php(556): Illuminate\\Foundation\\Exceptions\\Handler->prepareResponse(Object(Illuminate\\Http\\Request), Object(Symfony\\Component\\HttpKernel\\Exception\\NotFoundHttpException))
#43 C:\\Users\\USER\\Documents\\GitHub\\Take-Home-Assessment\\laravel-project\\vendor\\laravel\\framework\\src\\Illuminate\\Foundation\\Exceptions\\Handler.php(473): Illuminate\\Foundation\\Exceptions\\Handler->renderExceptionResponse(Object(Illuminate\\Http\\Request), Object(Symfony\\Component\\HttpKernel\\Exception\\NotFoundHttpException))
#44 C:\\Users\\USER\\Documents\\GitHub\\Take-Home-Assessment\\laravel-project\\vendor\\laravel\\framework\\src\\Illuminate\\Routing\\Pipeline.php(51): Illuminate\\Foundation\\Exceptions\\Handler->render(Object(Illuminate\\Http\\Request), Object(Symfony\\Component\\HttpKernel\\Exception\\NotFoundHttpException))
#45 C:\\Users\\USER\\Documents\\GitHub\\Take-Home-Assessment\\laravel-project\\vendor\\laravel\\framework\\src\\Illuminate\\Pipeline\\Pipeline.php(146): Illuminate\\Routing\\Pipeline->handleException(Object(Illuminate\\Http\\Request), Object(Symfony\\Component\\HttpKernel\\Exception\\NotFoundHttpException))
#46 C:\\Users\\USER\\Documents\\GitHub\\Take-Home-Assessment\\laravel-project\\vendor\\laravel\\framework\\src\\Illuminate\\Foundation\\Http\\Middleware\\TransformsRequest.php(21): Illuminate\\Pipeline\\Pipeline->{closure:Illuminate\\Pipeline\\Pipeline::prepareDestination():142}(Object(Illuminate\\Http\\Request))
#47 C:\\Users\\USER\\Documents\\GitHub\\Take-Home-Assessment\\laravel-project\\vendor\\laravel\\framework\\src\\Illuminate\\Foundation\\Http\\Middleware\\ConvertEmptyStringsToNull.php(31): Illuminate\\Foundation\\Http\\Middleware\\TransformsRequest->handle(Object(Illuminate\\Http\\Request), Object(Closure))
#48 C:\\Users\\USER\\Documents\\GitHub\\Take-Home-Assessment\\laravel-project\\vendor\\laravel\\framework\\src\\Illuminate\\Pipeline\\Pipeline.php(183): Illuminate\\Foundation\\Http\\Middleware\\ConvertEmptyStringsToNull->handle(Object(Illuminate\\Http\\Request), Object(Closure))
#49 C:\\Users\\USER\\Documents\\GitHub\\Take-Home-Assessment\\laravel-project\\vendor\\laravel\\framework\\src\\Illuminate\\Foundation\\Http\\Middleware\\TransformsRequest.php(21): Illuminate\\Pipeline\\Pipeline->{closure:{closure:Illuminate\\Pipeline\\Pipeline::carry():158}:159}(Object(Illuminate\\Http\\Request))
#50 C:\\Users\\USER\\Documents\\GitHub\\Take-Home-Assessment\\laravel-project\\vendor\\laravel\\framework\\src\\Illuminate\\Foundation\\Http\\Middleware\\TrimStrings.php(40): Illuminate\\Foundation\\Http\\Middleware\\TransformsRequest->handle(Object(Illuminate\\Http\\Request), Object(Closure))
#51 C:\\Users\\USER\\Documents\\GitHub\\Take-Home-Assessment\\laravel-project\\vendor\\laravel\\framework\\src\\Illuminate\\Pipeline\\Pipeline.php(183): Illuminate\\Foundation\\Http\\Middleware\\TrimStrings->handle(Object(Illuminate\\Http\\Request), Object(Closure))
#52 C:\\Users\\USER\\Documents\\GitHub\\Take-Home-Assessment\\laravel-project\\vendor\\laravel\\framework\\src\\Illuminate\\Foundation\\Http\\Middleware\\ValidatePostSize.php(27): Illuminate\\Pipeline\\Pipeline->{closure:{closure:Illuminate\\Pipeline\\Pipeline::carry():158}:159}(Object(Illuminate\\Http\\Request))
#53 C:\\Users\\USER\\Documents\\GitHub\\Take-Home-Assessment\\laravel-project\\vendor\\laravel\\framework\\src\\Illuminate\\Pipeline\\Pipeline.php(183): Illuminate\\Foundation\\Http\\Middleware\\ValidatePostSize->handle(Object(Illuminate\\Http\\Request), Object(Closure))
#54 C:\\Users\\USER\\Documents\\GitHub\\Take-Home-Assessment\\laravel-project\\vendor\\laravel\\framework\\src\\Illuminate\\Foundation\\Http\\Middleware\\PreventRequestsDuringMaintenance.php(99): Illuminate\\Pipeline\\Pipeline->{closure:{closure:Illuminate\\Pipeline\\Pipeline::carry():158}:159}(Object(Illuminate\\Http\\Request))
#55 C:\\Users\\USER\\Documents\\GitHub\\Take-Home-Assessment\\laravel-project\\vendor\\laravel\\framework\\src\\Illuminate\\Pipeline\\Pipeline.php(183): Illuminate\\Foundation\\Http\\Middleware\\PreventRequestsDuringMaintenance->handle(Object(Illuminate\\Http\\Request), Object(Closure))
#56 C:\\Users\\USER\\Documents\\GitHub\\Take-Home-Assessment\\laravel-project\\vendor\\laravel\\framework\\src\\Illuminate\\Http\\Middleware\\HandleCors.php(49): Illuminate\\Pipeline\\Pipeline->{closure:{closure:Illuminate\\Pipeline\\Pipeline::carry():158}:159}(Object(Illuminate\\Http\\Request))
#57 C:\\Users\\USER\\Documents\\GitHub\\Take-Home-Assessment\\laravel-project\\vendor\\laravel\\framework\\src\\Illuminate\\Pipeline\\Pipeline.php(183): Illuminate\\Http\\Middleware\\HandleCors->handle(Object(Illuminate\\Http\\Request), Object(Closure))
#58 C:\\Users\\USER\\Documents\\GitHub\\Take-Home-Assessment\\laravel-project\\vendor\\laravel\\framework\\src\\Illuminate\\Http\\Middleware\\TrustProxies.php(39): Illuminate\\Pipeline\\Pipeline->{closure:{closure:Illuminate\\Pipeline\\Pipeline::carry():158}:159}(Object(Illuminate\\Http\\Request))
#59 C:\\Users\\USER\\Documents\\GitHub\\Take-Home-Assessment\\laravel-project\\vendor\\laravel\\framework\\src\\Illuminate\\Pipeline\\Pipeline.php(183): Illuminate\\Http\\Middleware\\TrustProxies->handle(Object(Illuminate\\Http\\Request), Object(Closure))
#60 C:\\Users\\USER\\Documents\\GitHub\\Take-Home-Assessment\\laravel-project\\vendor\\laravel\\framework\\src\\Illuminate\\Pipeline\\Pipeline.php(119): Illuminate\\Pipeline\\Pipeline->{closure:{closure:Illuminate\\Pipeline\\Pipeline::carry():158}:159}(Object(Illuminate\\Http\\Request))
#61 C:\\Users\\USER\\Documents\\GitHub\\Take-Home-Assessment\\laravel-project\\vendor\\laravel\\framework\\src\\Illuminate\\Foundation\\Http\\Kernel.php(175): Illuminate\\Pipeline\\Pipeline->then(Object(Closure))
#62 C:\\Users\\USER\\Documents\\GitHub\\Take-Home-Assessment\\laravel-project\\vendor\\laravel\\framework\\src\\Illuminate\\Foundation\\Http\\Kernel.php(144): Illuminate\\Foundation\\Http\\Kernel->sendRequestThroughRouter(Object(Illuminate\\Http\\Request))
#63 C:\\Users\\USER\\Documents\\GitHub\\Take-Home-Assessment\\laravel-project\\public\\index.php(50): Illuminate\\Foundation\\Http\\Kernel->handle(Object(Illuminate\\Http\\Request))
#64 C:\\Users\\USER\\Documents\\GitHub\\Take-Home-Assessment\\laravel-project\\vendor\\laravel\\framework\\src\\Illuminate\\Foundation\\resources\\server.php(16): require_once('C:\\\\Users\\\\USER\\\\D...')
#65 {main}
"} 
